date,close,reference
2014-05-26T18:11:27.415000+00:00,376,Genesis 15:15
2014-05-26T18:18:15.604000+00:00,73,Genesis 3:17
2014-05-27T04:11:35.459000+00:00,478,Genesis 19:20
2014-05-27T03:55:33.174000+00:00,399,Genesis 17:1
2014-05-27T03:59:30.406000+00:00,426,Genesis 18:1
2014-05-27T05:02:06.865000+00:00,616,Genesis 24:24
2014-05-27T04:02:32.929000+00:00,440,Genesis 18:15
2014-05-27T05:27:26.319000+00:00,698,Genesis 26:5
2014-05-27T04:56:16.636000+00:00,600,Genesis 24:8
2014-05-27T04:56:35.437000+00:00,600,Genesis 24:8
2014-05-27T05:15:44.463000+00:00,622,Genesis 24:30
2014-05-28T04:59:33.947000+00:00,984,Genesis 34:3
2014-05-28T05:03:32.306000+00:00,994,Genesis 34:13
2014-05-28T04:55:28.064000+00:00,983,Genesis 34:2
2014-05-28T05:33:24.721000+00:00,1034,Genesis 35:22
2014-05-29T04:12:12.239000+00:00,1274,Genesis 42:21
2014-05-29T05:18:05.367000+00:00,1362,Genesis 45:3
2014-05-29T06:26:24.298819+00:00,1550,Exodus 1:17
2014-05-29T06:36:04.445000+00:00,1559,Exodus 2:4
2014-05-31T06:05:41.090579+00:00,1364,Genesis 45:5
2014-05-31T13:49:12.441000+00:00,1779,Exodus 10:1
2014-05-31T17:00:34.600000+00:00,1947,Exodus 15:26
2014-05-31T16:04:34.153482+00:00,1870,Exodus 13:2
2014-05-31T16:24:16.487000+00:00,1886,Exodus 13:18
2014-06-01T00:29:57.767000+00:00,2049,Exodus 19:22
2014-06-01T01:08:08.591379+00:00,1905,Exodus 14:15
2014-06-01T00:33:39.822000+00:00,2055,Exodus 20:3
2014-06-01T00:41:43.523000+00:00,2070,Exodus 20:18
2014-06-01T01:49:19.188000+00:00,2130,Exodus 22:16
2014-06-01T02:11:49.836000+00:00,2188,Exodus 24:10
2014-06-01T02:05:09.919000+00:00,2177,Exodus 23:32
2014-06-01T06:46:12.742160+00:00,2444,Exodus 32:5
2014-06-01T07:04:53.994000+00:00,2572,Exodus 36:5
2014-06-01T13:25:53.558000+00:00,2711,Exodus 40:3
2014-06-02T05:34:03.306755+00:00,3270,Leviticus 18:18
2014-06-02T12:41:02.795000+00:00,3630,Numbers 1:25
2014-06-04T04:41:45.075758+00:00,1863,Exodus 12:46
2014-06-06T04:44:36+00:00,4384,Numbers 22:8
2014-06-06T04:50:01+00:00,4405,Numbers 22:29
2014-06-06T05:29:11+00:00,4473,Numbers 25:1
2014-06-06T22:56:29+00:00,4720,Numbers 32:1
2014-06-07T00:27:51+00:00,4931,Deuteronomy 1:38
2014-06-07T00:59:20+00:00,5011,Deuteronomy 4:6
2014-06-07T01:19:59+00:00,5113,Deuteronomy 7:1
2014-06-07T01:20:56+00:00,2177,Exodus 23:32
2014-06-08T14:57:11+00:00,5146,Deuteronomy 8:8
2014-06-08T15:09:43+00:00,5163,Deuteronomy 9:5
2014-06-08T22:56:16+00:00,5324,Deuteronomy 15:4
2014-06-08T23:32:24+00:00,5436,Deuteronomy 20:8
2014-06-08T23:49:50+00:00,5477,Deuteronomy 22:6
2014-06-08T23:53:47+00:00,5497,Deuteronomy 22:26
2014-06-09T00:14:22+00:00,5531,Deuteronomy 24:5
2014-06-09T00:33:46+00:00,5579,Deuteronomy 26:12
2014-06-09T00:51:51+00:00,5602,Deuteronomy 27:16
2014-06-09T01:03:16+00:00,5679,Deuteronomy 28:67
2014-06-09T01:08:10+00:00,5627,Deuteronomy 28:15
2014-06-29T18:21:14.939956+00:00,6496,Joshua 24:19
2014-06-29T18:31:01.743123+00:00,6510,Joshua 24:33
2014-06-29T19:57:24+00:00,6516,Judges 1:6
2014-06-29T21:05:03+00:00,6567,Judges 2:21
2014-07-10T07:02:57+00:00,26482,John 9:41
2014-07-10T07:17:53+00:00,26571,John 11:47
2014-07-16T08:03:24.811199+00:00,26697,John 14:28
2014-07-20T06:44:50.726000+00:00,12882,Job 1:12
2014-09-09T15:00:22.189656+00:00,6869,Judges 11:39
2014-10-14T09:20:20.021647+00:00,7390,1 Samuel 8:20
2014-11-10T15:21:55.779037+00:00,27977,Romans 2:14
2014-11-17T07:33:45.094820+00:00,28167,Romans 9:11
2014-11-18T07:30:01.582350+00:00,28214,Romans 11:4
2015-01-08T20:45:21.839024+00:00,23183,Matthew 2:13
2015-01-14T15:57:34.165852+00:00,23598,Matthew 13:58
2015-01-17T22:03:38.005712+00:00,23731,Matthew 18:3
2015-01-25T18:58:10.975456+00:00,23954,Matthew 23:35
2015-09-22T14:08:02+00:00,9554,2 Kings 2:2
2015-09-22T18:01:55+00:00,9813,2 Kings 10:19
2015-09-25T15:24:30+00:00,11199,2 Chronicles 1:4
2016-02-06T15:43:22.223029+00:00,16091,Psalms 122:1
2014-02-01T08:34:51+00:00,28454,1 Corinthians 4:20
2014-02-01T08:48:48+00:00,28537,1 Corinthians 8:9
2014-02-01T09:09:25+00:00,28632,1 Corinthians 11:31
2014-02-01T09:09:25+00:00,28631,1 Corinthians 11:30
2014-02-01T09:09:31+00:00,28631,1 Corinthians 11:30
2014-02-01T09:09:25+00:00,28630,1 Corinthians 11:29
2014-02-01T09:20:54+00:00,28718,1 Corinthians 14:39
2014-02-01T09:22:19+00:00,28736,1 Corinthians 15:17
2014-02-01T09:25:25+00:00,28764,1 Corinthians 15:45
2014-02-03T11:33:16+00:00,27963,Romans 1:32
2014-02-03T18:08:42+00:00,28011,Romans 3:19
2014-02-03T18:13:26+00:00,28031,Romans 4:8
2014-02-03T18:13:26+00:00,28030,Romans 4:7
2014-02-03T18:31:07+00:00,28083,Romans 6:14
2014-02-03T18:33:20+00:00,28091,Romans 6:22
2014-02-03T18:40:32+00:00,28097,Romans 7:5
2014-02-03T18:40:32+00:00,28098,Romans 7:6
2014-02-03T18:45:54+00:00,28124,Romans 8:7
2014-02-06T18:37:01+00:00,28276,Romans 13:9
2014-02-06T18:44:29+00:00,28317,Romans 15:13
2014-02-12T10:39:37+00:00,14564,Psalms 42:8
2014-04-10T18:32:10+00:00,29425,Philippians 3:3
2014-05-26T04:02:42.645000+00:00,26,Genesis 1:26
2014-05-26T04:22:11.317000+00:00,96,Genesis 4:16
2014-05-26T04:31:33.494000+00:00,135,Genesis 5:29
2014-05-26T04:33:45.242000+00:00,147,Genesis 6:9
2014-05-26T04:04:18.323000+00:00,36,Genesis 2:5
2014-05-26T04:25:07.216000+00:00,108,Genesis 5:2
2014-05-26T04:25:34.613000+00:00,109,Genesis 5:3
2014-05-26T04:29:56.426000+00:00,128,Genesis 5:22
2014-05-26T04:33:22.022000+00:00,146,Genesis 6:8
2014-05-26T04:43:38.077000+00:00,191,Genesis 8:7
2014-05-26T14:12:03.486000+00:00,207,Genesis 9:1
2014-05-26T14:12:31.279000+00:00,208,Genesis 9:2
2014-05-26T14:13:48.275000+00:00,210,Genesis 9:4
2014-05-26T15:39:50.205000+00:00,269,Genesis 11:2
2014-05-26T16:21:46.610000+00:00,303,Genesis 12:4
2014-05-26T16:11:38.588000+00:00,291,Genesis 11:24
2014-05-26T16:24:30.268000+00:00,304,Genesis 12:5
2014-05-26T17:34:28.105000+00:00,336,Genesis 13:17
2014-05-26T16:37:34.743000+00:00,306,Genesis 12:7
2014-05-26T16:39:40.728000+00:00,306,Genesis 12:7
2014-05-26T17:57:24.159000+00:00,357,Genesis 14:20
2014-05-26T18:06:32.522000+00:00,367,Genesis 15:6
2014-05-26T18:09:12.918000+00:00,372,Genesis 15:11
2014-05-26T18:28:30.887000+00:00,26058,John 1:13
2014-05-26T17:32:25.613000+00:00,329,Genesis 13:10
2014-05-27T04:41:18.734000+00:00,554,Genesis 22:6
2014-05-27T03:53:25.318000+00:00,399,Genesis 17:1
2014-05-27T05:37:03.355000+00:00,717,Genesis 26:24
2014-05-27T04:41:11.312000+00:00,554,Genesis 22:6
2014-05-27T05:48:46.100000+00:00,748,Genesis 27:20
2014-05-27T05:55:40.860000+00:00,771,Genesis 27:43
2014-05-27T05:24:24.068000+00:00,693,Genesis 25:34
2014-05-27T05:25:16.237000+00:00,695,Genesis 26:2
2014-05-27T05:36:30.399000+00:00,712,Genesis 26:19
2014-05-27T05:46:40.286000+00:00,737,Genesis 27:9
2014-05-27T05:58:57.048000+00:00,786,Genesis 28:12
2014-05-27T06:49:45.919858+00:00,800,Genesis 29:4
2014-05-27T14:36:10.559000+00:00,889,Genesis 31:15
2014-05-27T14:39:32.405000+00:00,893,Genesis 31:19
2014-05-28T04:30:16.713000+00:00,926,Genesis 31:52
2014-05-28T04:45:02.081000+00:00,959,Genesis 32:30
2014-05-28T05:08:42.786000+00:00,1021,Genesis 35:9
2014-05-28T05:12:14.160000+00:00,1020,Genesis 35:8
2014-05-28T05:49:36.874000+00:00,1110,Genesis 37:26
2014-05-28T05:01:14.511000+00:00,994,Genesis 34:13
2014-05-28T06:01:24.169000+00:00,1157,Genesis 39:7
2014-05-28T05:06:59.338000+00:00,1014,Genesis 35:2
2014-05-28T05:41:32.724000+00:00,1065,Genesis 36:24
2014-05-28T06:12:38.387000+00:00,1193,Genesis 40:20
2014-05-29T04:03:54.382000+00:00,1266,Genesis 42:13
2014-05-29T04:04:38.107000+00:00,1271,Genesis 42:18
2014-05-29T04:44:31.452000+00:00,1290,Genesis 42:37
2014-05-29T05:56:54.600000+00:00,1505,Genesis 49:31
2014-05-30T05:15:25.754000+00:00,1618,Exodus 4:16
2014-05-30T05:13:18.335000+00:00,1614,Exodus 4:12
2014-05-30T05:16:17.549000+00:00,1622,Exodus 4:20
2014-05-30T14:17:04.468000+00:00,1683,Exodus 6:27
2014-05-30T14:20:08.223000+00:00,1679,Exodus 6:23
2014-05-30T14:32:40.696000+00:00,1733,Exodus 8:22
2014-05-31T06:10:35.544000+00:00,1759,Exodus 9:16
2014-05-31T06:15:40.100000+00:00,1763,Exodus 9:20
2014-05-31T14:48:43.109000+00:00,1830,Exodus 12:13
2014-05-31T21:54:52.861000+00:00,1966,Exodus 16:18
2014-05-31T21:53:51.645000+00:00,1958,Exodus 16:10
2014-05-31T21:56:19.810000+00:00,1979,Exodus 16:31
2014-05-31T21:59:44.409000+00:00,1993,Exodus 17:9
2014-05-31T22:10:01.077000+00:00,2021,Exodus 18:21
2014-06-01T00:21:38.675000+00:00,2035,Exodus 19:8
2014-06-01T02:15:58.039000+00:00,2195,Exodus 24:17
2014-06-01T02:17:16.354000+00:00,2204,Exodus 25:8
2014-06-01T02:28:37.849000+00:00,2297,Exodus 28:3
2014-06-01T02:06:07.620000+00:00,2181,Exodus 24:3
2014-06-01T06:23:07.718000+00:00,2375,Exodus 29:38
2014-06-01T06:36:46.625000+00:00,2467,Exodus 32:28
2014-06-01T06:54:36.190000+00:00,2487,Exodus 33:13
2014-06-01T06:55:21.256000+00:00,2493,Exodus 33:19
2014-06-01T06:57:28.126000+00:00,2511,Exodus 34:14
2014-06-01T06:59:29.708000+00:00,2526,Exodus 34:29
2014-06-01T07:12:03.325000+00:00,2642,Exodus 38:8
2014-06-01T06:24:59.895000+00:00,2393,Exodus 30:10
2014-06-01T06:29:41.702000+00:00,2406,Exodus 30:23
2014-06-01T06:31:47.393000+00:00,2439,Exodus 31:18
2014-06-01T06:35:53.809000+00:00,2463,Exodus 32:24
2014-06-01T06:52:58.082000+00:00,2485,Exodus 33:11
2014-06-01T06:56:14.968000+00:00,2502,Exodus 34:5
2014-06-01T06:58:41.161000+00:00,2525,Exodus 34:28
2014-06-01T07:02:29.548000+00:00,2553,Exodus 35:21
2014-06-01T13:36:56.892000+00:00,2776,Leviticus 2:13
2014-06-01T13:10:55.929000+00:00,2656,Exodus 38:22
2014-06-01T13:36:16.064000+00:00,2774,Leviticus 2:11
2014-06-01T13:58:02.386000+00:00,2848,Leviticus 5:17
2014-06-01T16:21:10.966000+00:00,2977,Leviticus 9:23
2014-06-01T16:32:15.005000+00:00,2992,Leviticus 10:14
2014-06-01T16:48:26.595000+00:00,3047,Leviticus 12:2
2014-06-01T16:56:54.611000+00:00,3129,Leviticus 14:17
2014-06-01T16:43:03.883000+00:00,3035,Leviticus 11:37
2014-06-01T16:53:16.255000+00:00,3098,Leviticus 13:45
2014-06-02T05:47:36.269000+00:00,3308,Leviticus 19:26
2014-06-02T05:49:31.605000+00:00,3314,Leviticus 19:32
2014-06-02T06:05:03.534000+00:00,3383,Leviticus 22:13
2014-06-02T05:19:15.275000+00:00,3210,Leviticus 16:8
2014-06-02T06:15:48.640000+00:00,3480,Leviticus 25:10
2014-06-02T12:37:48.840000+00:00,3612,Numbers 1:7
2014-06-02T12:46:03.882000+00:00,3662,Numbers 2:3
2014-06-03T13:19:12.254000+00:00,3860,Numbers 7:9
2014-06-03T13:30:22.488000+00:00,3940,Numbers 7:89
2014-06-04T04:44:46.353000+00:00,3981,Numbers 9:15
2014-06-04T05:08:54.609000+00:00,4099,Numbers 13:23
2014-06-04T05:10:38.387000+00:00,4106,Numbers 13:30
2014-06-04T05:11:13.465000+00:00,4111,Numbers 14:2
2014-06-04T04:46:48.202000+00:00,4000,Numbers 10:11
2014-06-04T04:53:46.860000+00:00,4030,Numbers 11:5
2014-06-05T05:19:20.006000+00:00,4346,Numbers 21:5
2014-06-06T13:05:20+00:00,4523,Numbers 26:33
2014-06-06T13:06:44+00:00,4536,Numbers 26:46
2014-06-06T13:08:45+00:00,4549,Numbers 26:59
2014-06-06T13:13:22+00:00,4562,Numbers 27:7
2014-06-06T13:21:56+00:00,4578,Numbers 27:23
2014-06-06T22:46:53+00:00,4714,Numbers 31:49
2014-06-07T00:16:05+00:00,4893,Numbers 36:13
2014-06-07T00:20:23+00:00,4901,Deuteronomy 1:8
2014-06-07T00:25:13+00:00,4921,Deuteronomy 1:28
2014-06-07T00:26:10+00:00,4929,Deuteronomy 1:36
2014-06-07T00:28:34+00:00,4937,Deuteronomy 1:44
2014-06-07T00:46:27+00:00,4944,Deuteronomy 2:5
2014-06-07T00:47:39+00:00,4948,Deuteronomy 2:9
2014-06-07T00:50:56+00:00,4969,Deuteronomy 2:30
2014-06-07T00:56:51+00:00,5007,Deuteronomy 4:2
2014-06-07T01:00:45+00:00,5014,Deuteronomy 4:9
2014-06-07T01:01:31+00:00,5020,Deuteronomy 4:15
2014-06-07T01:02:26+00:00,5029,Deuteronomy 4:24
2014-06-07T01:04:32+00:00,5044,Deuteronomy 4:39
2014-06-08T23:01:18+00:00,5346,Deuteronomy 16:3
2014-06-08T23:04:10+00:00,5362,Deuteronomy 16:19
2014-06-08T23:11:50+00:00,5395,Deuteronomy 18:10
2014-06-08T23:40:40+00:00,5465,Deuteronomy 21:17
2014-06-08T23:57:54+00:00,5508,Deuteronomy 23:7
2014-06-09T05:35:17+00:00,5709,Deuteronomy 29:29
2014-06-09T05:44:41+00:00,5765,Deuteronomy 32:6
2014-06-10T07:02:16+00:00,5998,Joshua 7:21
2014-06-28T20:01:10.775686+00:00,6028,Joshua 8:25
2014-06-28T20:31:52.190124+00:00,6079,Joshua 10:14
2014-06-28T20:45:11.623466+00:00,6155,Joshua 12:24
2014-06-28T20:46:50.990115+00:00,6168,Joshua 13:13
2014-06-28T20:51:54.056724+00:00,6202,Joshua 14:14
2014-06-29T17:22:08.654000+00:00,6331,Joshua 19:9
2014-06-29T17:49:26.279000+00:00,6438,Joshua 22:11
2014-07-08T18:13:31.574000+00:00,26233,John 5:22
2014-07-08T18:14:49.530000+00:00,26236,John 5:25
2014-07-08T18:19:06.367000+00:00,26250,John 5:39
2014-07-08T18:20:04.050000+00:00,26256,John 5:45
2014-07-09T18:12:51.059000+00:00,26363,John 7:34
2014-07-16T08:15:07.039496+00:00,26735,John 16:8
2014-07-20T06:58:23.834000+00:00,12993,Job 6:14
2014-07-20T07:00:10.496000+00:00,13009,Job 6:30
2014-07-20T07:27:14.920000+00:00,13271,Job 17:10
2014-07-20T07:30:07.131000+00:00,13301,Job 19:3
2014-07-20T07:34:34.002000+00:00,13359,Job 21:3
2014-07-20T08:03:03.824000+00:00,13470,Job 26:2
2014-07-20T15:15:42.953000+00:00,13880,Job 40:15
2014-07-20T15:18:12.231000+00:00,13910,Job 41:21
2014-07-20T15:47:17.019000+00:00,26837,John 19:11
2014-07-20T15:52:06.503000+00:00,26859,John 19:33
2014-07-20T15:55:09.538000+00:00,26875,John 20:7
2014-08-01T08:58:05.312000+00:00,6820,Judges 10:8
2014-09-13T17:45:04.299000+00:00,7073,Judges 20:18
2014-11-10T03:13:36.379736+00:00,7670,1 Samuel 17:51
2014-11-10T08:16:36.041000+00:00,7639,1 Samuel 17:20
2014-11-10T14:23:05.451000+00:00,27939,Romans 1:8
2014-11-13T07:46:55.226000+00:00,28080,Romans 6:11
2014-11-18T07:47:18.281000+00:00,28278,Romans 13:11
2014-11-18T15:48:19.155000+00:00,28354,Romans 16:17
2015-01-25T18:11:51.176000+00:00,23943,Matthew 23:24
2015-01-25T18:16:31.614000+00:00,23933,Matthew 23:14
2014-05-31T16:47:20.860000+00:00,1904,Exodus 14:14
2014-05-31T16:57:30.675000+00:00,1941,Exodus 15:20
2014-06-01T01:32:40.801000+00:00,2080,Exodus 21:2
2014-06-01T01:34:40.650000+00:00,2098,Exodus 21:20
2014-06-01T01:38:45.227000+00:00,2104,Exodus 21:26
2014-06-01T01:41:11.816000+00:00,2110,Exodus 21:32
2014-06-01T01:42:36.207000+00:00,2117,Exodus 22:3
2014-06-01T01:50:44.560000+00:00,2135,Exodus 22:21
2014-06-01T01:55:22.451000+00:00,2148,Exodus 23:3
2014-06-01T01:29:23.659000+00:00,2080,Exodus 21:2
2014-06-01T01:33:10.558000+00:00,2094,Exodus 21:16
2014-06-01T01:58:48.732000+00:00,2151,Exodus 23:6
2014-06-01T02:02:11.638000+00:00,2170,Exodus 23:25
2014-06-01T16:12:22.465000+00:00,2930,Leviticus 8:12
2014-06-01T16:38:15.331000+00:00,2994,Leviticus 10:16
2014-06-02T05:42:58.507000+00:00,3291,Leviticus 19:9
2014-06-02T05:44:58.560000+00:00,3299,Leviticus 19:17
2014-06-02T05:50:25.703000+00:00,3315,Leviticus 19:33
2014-06-02T06:06:55.745000+00:00,3398,Leviticus 22:28
2014-06-02T05:43:42.806000+00:00,3296,Leviticus 19:14
2014-06-02T06:10:16.090000+00:00,3425,Leviticus 23:22
2014-06-02T12:13:01.071000+00:00,3509,Leviticus 25:39
2014-06-02T12:15:06.649000+00:00,3529,Leviticus 26:4
2014-06-02T12:21:23.059000+00:00,3551,Leviticus 26:26
2014-06-03T13:17:40.365000+00:00,3848,Numbers 6:24
2014-06-04T04:51:31.445000+00:00,4000,Numbers 10:11
2014-06-04T05:11:33.907000+00:00,4111,Numbers 14:2
2014-06-04T05:13:19.490000+00:00,4130,Numbers 14:21
2014-06-04T13:20:08.814000+00:00,4229,Numbers 16:34
2014-06-04T13:22:44.504000+00:00,4217,Numbers 16:22
2014-06-05T14:10:36.051000+00:00,4372,Numbers 21:31
2014-06-05T14:13:58.189000+00:00,4358,Numbers 21:17
2014-06-06T04:48:32+00:00,4405,Numbers 22:29
2014-06-06T05:00:56+00:00,4436,Numbers 23:19
2014-06-06T05:04:09+00:00,4449,Numbers 24:2
2014-06-06T05:09:39+00:00,4464,Numbers 24:17
2014-06-06T13:17:31+00:00,4556,Numbers 27:1
2014-06-06T13:19:07+00:00,4573,Numbers 27:18
2014-06-06T22:40:37+00:00,4652,Numbers 30:3
2014-06-06T22:44:41+00:00,4688,Numbers 31:23
2014-06-06T23:06:24+00:00,4764,Numbers 33:3
2014-06-07T00:13:05+00:00,4879,Numbers 35:33
2014-06-07T00:18:09+00:00,4895,Deuteronomy 1:2
2014-06-07T00:25:25+00:00,4921,Deuteronomy 1:28
2014-06-07T00:47:20+00:00,4949,Deuteronomy 2:10
2014-06-07T00:48:54+00:00,4952,Deuteronomy 2:13
2014-06-07T00:49:31+00:00,4959,Deuteronomy 2:20
2014-06-07T00:53:25+00:00,4987,Deuteronomy 3:11
2014-06-07T00:55:48+00:00,4998,Deuteronomy 3:22
2014-06-07T01:03:07+00:00,5034,Deuteronomy 4:29
2014-06-07T01:23:06+00:00,5125,Deuteronomy 7:13
2014-06-08T15:02:55+00:00,5160,Deuteronomy 9:2
2014-06-08T15:11:59+00:00,5193,Deuteronomy 10:6
2014-06-08T15:15:34+00:00,5204,Deuteronomy 10:17
2014-06-08T15:20:29+00:00,5199,Deuteronomy 10:12
2014-06-08T22:32:15+00:00,5210,Deuteronomy 11:1
2014-06-08T22:34:02+00:00,5222,Deuteronomy 11:13
2014-06-08T22:35:30+00:00,5233,Deuteronomy 11:24
2014-06-08T22:35:56+00:00,5231,Deuteronomy 11:22
2014-06-08T22:37:20+00:00,5237,Deuteronomy 11:28
2014-06-08T22:41:20+00:00,5257,Deuteronomy 12:16
2014-06-08T22:43:07+00:00,5276,Deuteronomy 13:3
2014-06-08T22:52:40+00:00,5312,Deuteronomy 14:21
2014-06-08T22:56:29+00:00,5324,Deuteronomy 15:4
2014-06-08T22:57:11+00:00,5324,Deuteronomy 15:4
2014-06-08T22:58:12+00:00,5328,Deuteronomy 15:8
2014-06-08T22:59:26+00:00,5332,Deuteronomy 15:12
2014-06-08T23:00:39+00:00,5343,Deuteronomy 15:23
2014-06-08T23:02:21+00:00,5353,Deuteronomy 16:10
2014-06-08T23:03:40+00:00,5356,Deuteronomy 16:13
2014-06-08T23:18:25+00:00,5400,Deuteronomy 18:15
2014-06-08T23:20:33+00:00,5420,Deuteronomy 19:13
2014-06-08T23:22:07+00:00,5429,Deuteronomy 20:1
2014-06-08T23:33:15+00:00,5438,Deuteronomy 20:10
2014-06-08T23:34:59+00:00,5447,Deuteronomy 20:19
2014-06-08T23:36:04+00:00,5455,Deuteronomy 21:7
2014-06-08T23:42:31+00:00,5459,Deuteronomy 21:11
2014-06-08T23:46:32+00:00,5472,Deuteronomy 22:1
2014-06-08T23:47:20+00:00,5477,Deuteronomy 22:6
2014-06-08T23:55:56+00:00,5499,Deuteronomy 22:28
2014-06-08T23:57:05+00:00,5506,Deuteronomy 23:5
2014-06-08T23:59:32+00:00,5516,Deuteronomy 23:15
2014-06-09T00:04:29+00:00,5525,Deuteronomy 23:24
2014-06-09T00:13:18+00:00,5531,Deuteronomy 24:5
2014-06-09T00:18:45+00:00,5535,Deuteronomy 24:9
2014-06-09T00:19:03+00:00,5536,Deuteronomy 24:10
2014-06-09T00:19:52+00:00,5538,Deuteronomy 24:12
2014-06-09T00:20:14+00:00,5544,Deuteronomy 24:18
2014-06-09T00:21:29+00:00,5545,Deuteronomy 24:19
2014-06-09T00:24:22+00:00,5551,Deuteronomy 25:3
2014-06-09T00:24:56+00:00,5552,Deuteronomy 25:4
2014-06-09T00:53:54+00:00,5614,Deuteronomy 28:2
2014-06-09T00:55:36+00:00,5644,Deuteronomy 28:32
2014-06-09T00:57:26+00:00,5653,Deuteronomy 28:41
2014-06-09T01:00:44+00:00,5680,Deuteronomy 28:68
2014-06-09T05:30:25+00:00,5681,Deuteronomy 29:1
2014-06-09T05:36:40+00:00,5715,Deuteronomy 30:6
2014-06-09T05:38:12+00:00,5729,Deuteronomy 30:20
2014-06-09T05:39:09+00:00,5735,Deuteronomy 31:6
2014-06-09T11:45:11+00:00,5774,Deuteronomy 32:15
2014-06-09T11:49:11+00:00,5781,Deuteronomy 32:22
2014-06-09T14:42:59+00:00,5871,Joshua 2:1
2014-06-09T14:50:36+00:00,5930,Joshua 4:19
2014-06-09T14:53:20+00:00,5944,Joshua 5:9
2014-06-09T14:54:14+00:00,5948,Joshua 5:13
2014-06-28T20:27:52.489268+00:00,6061,Joshua 9:23
2014-06-28T20:42:55.656975+00:00,6129,Joshua 11:21
2014-06-29T17:02:25.300000+00:00,6216,Joshua 15:13
2014-06-29T17:03:55.459000+00:00,6219,Joshua 15:16
2014-06-29T17:08:24.453000+00:00,6279,Joshua 17:3
2014-06-29T17:11:46.813000+00:00,6288,Joshua 17:12
2014-06-29T17:29:25.711362+00:00,4346,Numbers 21:5
2014-06-29T17:36:20.465000+00:00,6393,Joshua 21:11
2014-06-29T17:39:44.648000+00:00,6432,Joshua 22:5
2014-06-29T17:52:40.595000+00:00,6471,Joshua 23:10
2014-06-29T17:53:09.766000+00:00,6469,Joshua 23:8
2014-06-29T17:54:11.882000+00:00,6473,Joshua 23:12
2014-06-29T17:54:56.577000+00:00,6276,Joshua 16:10
2014-06-29T17:55:17.074000+00:00,6266,Joshua 15:63
2014-06-29T17:56:04.871000+00:00,6297,Joshua 18:3
2014-06-29T17:59:27.922000+00:00,6490,Joshua 24:13
2014-06-29T18:00:13.042000+00:00,6491,Joshua 24:14
2014-06-29T19:37:31.288000+00:00,6513,Judges 1:3
2014-06-29T20:55:11+00:00,6528,Judges 1:18
2014-06-29T20:59:37+00:00,6531,Judges 1:21
2014-06-29T21:02:48+00:00,6560,Judges 2:14
2014-06-29T21:06:30+00:00,6572,Judges 3:3
2014-06-30T06:51:19.153000+00:00,6602,Judges 4:2
2014-06-30T06:52:30.816000+00:00,6604,Judges 4:4
2014-06-30T06:54:51.944000+00:00,6609,Judges 4:9
2014-06-30T07:03:35.443000+00:00,6617,Judges 4:17
2014-06-30T07:08:21.226000+00:00,6648,Judges 5:24
2014-06-30T15:26:36.960000+00:00,6679,Judges 6:24
2014-07-01T18:51:16+00:00,28715,1 Corinthians 14:36
2014-07-06T19:15:01.457000+00:00,6682,Judges 6:27
2014-07-07T21:42:32.107000+00:00,26066,John 1:21
2014-07-08T09:14:28.648000+00:00,26171,John 4:14
2014-07-08T09:14:47.593000+00:00,26167,John 4:10
2014-07-08T18:15:24.131000+00:00,26236,John 5:25
2014-07-08T18:16:54.339000+00:00,26240,John 5:29
2014-07-08T18:23:35.562000+00:00,26269,John 6:11
2014-07-08T18:26:12.388000+00:00,26284,John 6:26
2014-07-08T18:27:55.825000+00:00,26291,John 6:33
2014-07-08T18:29:20.705000+00:00,26297,John 6:39
2014-07-08T18:31:36.372000+00:00,26306,John 6:48
2014-07-08T18:32:35.247000+00:00,26311,John 6:53
2014-07-09T18:24:45.916000+00:00,26411,John 8:29
2014-07-09T18:25:08.487000+00:00,26413,John 8:31
2014-07-09T18:26:29.022000+00:00,26425,John 8:43
2014-07-10T06:54:29+00:00,26446,John 9:5
2014-07-10T07:05:06+00:00,26489,John 10:7
2014-07-10T07:08:02+00:00,26512,John 10:30
2014-07-14T16:49:42.180549+00:00,26565,John 11:41
2014-07-15T16:57:09.562832+00:00,26568,John 11:44
2014-07-15T16:58:44.812036+00:00,26567,John 11:43
2014-07-15T17:12:26.313141+00:00,26629,John 12:48
2014-07-15T17:15:26.896482+00:00,26634,John 13:3
2014-07-15T17:17:46.829546+00:00,26639,John 13:8
2014-07-15T17:19:50.429543+00:00,26647,John 13:16
2014-07-15T17:24:26.629658+00:00,26647,John 13:16
2014-07-15T17:25:37.330411+00:00,26665,John 13:34
2014-07-16T07:48:23.369156+00:00,26681,John 14:12
2014-07-16T07:49:44.352193+00:00,26609,John 12:28
2014-07-16T08:00:32.102141+00:00,26695,John 14:26
2014-07-16T08:02:09.352146+00:00,26696,John 14:27
2014-07-16T08:04:25.402421+00:00,26703,John 15:3
2014-07-16T08:05:47.002430+00:00,26707,John 15:7
2014-07-16T08:07:07.152181+00:00,26708,John 15:8
2014-07-16T08:09:48.869082+00:00,26716,John 15:16
2014-07-16T08:11:23.668859+00:00,26722,John 15:22
2014-07-16T08:15:44.468742+00:00,26740,John 16:13
2014-07-16T08:17:52.685596+00:00,26750,John 16:23
2014-07-16T08:19:50.335632+00:00,26760,John 16:33
2014-07-17T08:31:01.172168+00:00,26742,John 16:15
2014-07-17T08:34:15.305775+00:00,26762,John 17:2
2014-07-17T08:35:40.055626+00:00,26765,John 17:5
2014-07-20T06:42:16.766000+00:00,12880,Job 1:10
2014-07-20T06:56:32.669000+00:00,12969,Job 5:17
2014-07-20T07:01:29.044000+00:00,13012,Job 7:3
2014-07-20T07:08:59.906000+00:00,13072,Job 9:20
2014-07-20T07:12:40.154000+00:00,13115,Job 11:6
2014-07-20T07:17:18.248000+00:00,13172,Job 13:18
2014-07-20T07:21:03.066000+00:00,13218,Job 15:14
2014-07-20T07:31:40.839000+00:00,13323,Job 19:25
2014-07-20T07:37:26.989000+00:00,13393,Job 22:3
2014-07-20T07:40:21.517000+00:00,13423,Job 23:3
2014-07-20T07:42:08.051000+00:00,13430,Job 23:10
2014-07-20T07:42:44.433000+00:00,13432,Job 23:12
2014-07-20T07:44:47.419000+00:00,13449,Job 24:12
2014-07-20T08:01:06.018000+00:00,13466,Job 25:4
2014-07-20T08:04:03.755000+00:00,13488,Job 27:6
2014-07-20T08:08:08.252000+00:00,13533,Job 28:28
2014-07-20T08:13:15.481000+00:00,13599,Job 31:10
2014-07-20T08:16:27.496000+00:00,13624,Job 31:35
2014-07-20T08:16:59.810000+00:00,13630,Job 32:1
2014-07-20T08:20:34.662000+00:00,13663,Job 33:12
2014-07-20T08:21:52.127000+00:00,13675,Job 33:24
2014-07-20T14:48:26.537000+00:00,13687,Job 34:3
2014-07-20T14:53:43.982000+00:00,13727,Job 35:6
2014-07-20T15:08:00.051000+00:00,13825,Job 38:31
2014-07-20T15:08:41.149000+00:00,13830,Job 38:36
2014-07-20T15:10:20.941000+00:00,13844,Job 39:9
2014-07-20T15:32:24.131000+00:00,26766,John 17:6
2014-07-20T15:33:45.058000+00:00,26769,John 17:9
2014-07-20T15:36:35.106000+00:00,26772,John 17:12
2014-07-20T15:38:32.059000+00:00,26780,John 17:20
2014-07-20T15:45:14.085000+00:00,26823,John 18:37
2014-07-20T16:12:08.877000+00:00,13936,Job 42:13
2014-07-25T07:16:54.247000+00:00,6689,Judges 6:34
2014-07-25T18:05:32.873666+00:00,18450,Isaiah 40:29
2014-09-08T14:09:27.813613+00:00,6768,Judges 9:13
2014-09-09T14:37:07.460336+00:00,6808,Judges 9:53
2014-09-09T14:37:35.926919+00:00,6811,Judges 9:56
2014-09-09T14:40:03.260322+00:00,6826,Judges 10:14
2014-09-09T14:52:03.610341+00:00,6859,Judges 11:29
2014-09-09T14:53:39.010227+00:00,6864,Judges 11:34
2014-09-09T15:09:55.793622+00:00,6910,Judges 13:25
2014-09-09T15:08:59.412423+00:00,6908,Judges 13:23
2014-09-09T15:10:25.260178+00:00,6908,Judges 13:23
2014-09-09T15:15:30.793921+00:00,6916,Judges 14:6
2014-09-09T15:20:17.393531+00:00,6929,Judges 14:19
2014-09-10T14:26:47.548730+00:00,6944,Judges 15:14
2014-09-10T14:37:00.811642+00:00,6970,Judges 16:20
2014-09-13T16:58:25.716000+00:00,7003,Judges 18:9
2014-09-14T06:46:19.434000+00:00,7202,Ruth 4:11
2014-09-14T16:08:36.405000+00:00,7270,1 Samuel 2:29
2014-09-14T16:22:52.907000+00:00,7263,1 Samuel 2:22
2014-09-14T16:23:19.933000+00:00,7218,1 Samuel 1:5
2014-09-14T16:25:46.046000+00:00,7276,1 Samuel 2:35
2014-09-14T16:26:08.156000+00:00,7277,1 Samuel 2:36
2014-09-14T16:28:50.161000+00:00,7278,1 Samuel 3:1
2014-09-14T16:29:49.867000+00:00,7284,1 Samuel 3:7
2014-09-14T16:35:04.445000+00:00,7278,1 Samuel 3:1
2014-09-14T16:36:58.175000+00:00,7287,1 Samuel 3:10
2014-09-15T13:38:43.245000+00:00,7323,1 Samuel 5:3
2014-10-09T06:45:07.477000+00:00,7365,1 Samuel 7:12
2014-10-13T05:38:31.641286+00:00,7385,1 Samuel 8:15
2014-10-14T09:33:55.318000+00:00,7425,1 Samuel 10:6
2014-10-14T09:34:06.507000+00:00,7420,1 Samuel 10:1
2014-10-14T09:36:25.349000+00:00,7429,1 Samuel 10:10
2014-10-21T05:21:57.870000+00:00,7464,1 Samuel 12:3
2014-10-21T06:23:41.407000+00:00,7500,1 Samuel 13:14
2014-10-21T06:42:10.499000+00:00,7554,1 Samuel 14:45
2014-10-21T06:53:25.256000+00:00,7578,1 Samuel 15:17
2014-10-21T06:55:32.937000+00:00,7583,1 Samuel 15:22
2014-10-21T07:00:46.814000+00:00,7603,1 Samuel 16:7
2014-10-21T07:02:46.829000+00:00,7609,1 Samuel 16:13
2014-10-21T07:03:01.041000+00:00,7610,1 Samuel 16:14
2014-10-21T07:18:53.155000+00:00,7616,1 Samuel 16:20
2014-11-10T02:48:03.651152+00:00,7628,1 Samuel 17:9
2014-11-10T02:56:42.711002+00:00,7634,1 Samuel 17:15
2014-11-10T03:32:46.450536+00:00,7709,1 Samuel 19:2
2014-11-10T14:28:49.941000+00:00,27952,Romans 1:21
2014-11-10T14:30:54.799000+00:00,27953,Romans 1:22
2014-11-10T14:35:31.898000+00:00,27966,Romans 2:3
2014-11-10T14:38:06.238000+00:00,27968,Romans 2:5
2014-11-10T03:42:37.896662+00:00,26932,Acts 1:8
2014-11-13T08:04:39.758000+00:00,28121,Romans 8:4
2014-11-13T08:06:05.203000+00:00,28131,Romans 8:14
2014-11-14T09:15:25.932000+00:00,28173,Romans 9:17
2014-11-14T09:17:45.738000+00:00,28183,Romans 9:27
2014-11-17T07:19:42.014000+00:00,28167,Romans 9:11
2014-11-17T07:49:25.877000+00:00,28192,Romans 10:3
2014-11-18T07:34:45.465000+00:00,28225,Romans 11:15
2014-11-18T07:37:00.940000+00:00,28233,Romans 11:23
2014-11-18T07:40:15.268000+00:00,28242,Romans 11:32
2014-11-18T07:44:46.321000+00:00,28268,Romans 13:1
2014-11-18T07:49:25.827000+00:00,28286,Romans 14:5
2014-11-18T15:29:11.065000+00:00,28303,Romans 14:22
2014-11-18T15:37:12.691000+00:00,28305,Romans 15:1
2014-11-18T15:40:45.950000+00:00,28317,Romans 15:13
2014-11-18T15:43:20.589000+00:00,28323,Romans 15:19
2014-11-18T15:46:30.193000+00:00,28338,Romans 16:1
2014-11-18T15:49:52.119000+00:00,28362,Romans 16:25
2014-11-28T20:20:06.361073+00:00,23971,Matthew 24:13
2014-12-07T00:26:11.919000+00:00,7718,1 Samuel 19:11
2014-12-07T00:28:32.534000+00:00,7727,1 Samuel 19:20
2014-12-15T06:10:10.111000+00:00,7733,1 Samuel 20:2
2014-12-15T06:38:39.740000+00:00,7761,1 Samuel 20:30
2014-12-15T06:49:07.494000+00:00,7786,1 Samuel 21:13
2014-12-15T06:51:01.432000+00:00,7790,1 Samuel 22:2
2014-12-15T13:03:17.319000+00:00,7824,1 Samuel 23:13
2014-12-15T13:04:17.789000+00:00,7829,1 Samuel 23:18
2014-12-15T14:10:15.163000+00:00,7865,1 Samuel 25:3
2014-12-15T14:11:43.983000+00:00,7872,1 Samuel 25:10
2014-12-15T14:11:59.732000+00:00,7860,1 Samuel 24:20
2014-12-15T14:16:10.007000+00:00,7890,1 Samuel 25:28
2014-12-16T13:14:10.412000+00:00,7983,1 Samuel 30:4
2014-12-16T13:17:01.501000+00:00,7989,1 Samuel 30:10
2014-12-16T13:20:41.461000+00:00,8002,1 Samuel 30:23
2014-12-16T14:26:48.313000+00:00,8096,2 Samuel 3:14
2014-12-16T14:30:09.933000+00:00,8118,2 Samuel 3:36
2015-01-08T20:31:58.728000+00:00,23182,Matthew 2:12
2015-01-08T21:22:19.592000+00:00,23260,Matthew 5:25
2015-01-08T21:23:42.952000+00:00,23262,Matthew 5:27
2015-01-08T21:24:48.946000+00:00,23264,Matthew 5:29
2015-01-08T21:25:11.908000+00:00,23267,Matthew 5:32
2015-01-09T06:19:48.623000+00:00,23308,Matthew 6:25
2015-01-09T06:26:47.501000+00:00,23330,Matthew 7:13
2015-01-09T06:27:24.933000+00:00,23336,Matthew 7:19
2015-01-09T06:28:05.359000+00:00,23338,Matthew 7:21
2015-01-09T06:32:48.551000+00:00,23358,Matthew 8:12
2015-01-11T16:47:55.419996+00:00,8126,2 Samuel 4:5
2015-01-11T16:48:43.619954+00:00,8131,2 Samuel 4:10
2015-01-11T16:59:21.519769+00:00,8146,2 Samuel 5:13
2015-01-11T17:05:24.069908+00:00,8165,2 Samuel 6:7
2015-01-11T17:12:36.453121+00:00,8170,2 Samuel 6:12
2015-01-11T17:13:25.186737+00:00,8145,2 Samuel 5:12
2015-01-11T17:16:39.536517+00:00,8171,2 Samuel 6:13
2015-01-11T17:18:10.803213+00:00,8179,2 Samuel 6:21
2015-01-11T17:21:56.420059+00:00,8195,2 Samuel 7:14
2015-01-11T17:30:24.453176+00:00,8229,2 Samuel 9:1
2015-01-11T17:32:01.903141+00:00,8235,2 Samuel 9:7
2015-01-11T17:43:46.369840+00:00,8264,2 Samuel 11:4
2015-01-11T17:47:32.119876+00:00,8281,2 Samuel 11:21
2015-01-11T17:50:28.286489+00:00,8292,2 Samuel 12:5
2015-01-11T17:54:42.703203+00:00,8298,2 Samuel 12:11
2015-01-11T18:03:36.399432+00:00,8307,2 Samuel 12:20
2015-01-11T18:05:21.482781+00:00,8309,2 Samuel 12:22
2015-01-11T18:16:18.732655+00:00,8330,2 Samuel 13:12
2015-01-11T18:22:54.999362+00:00,8334,2 Samuel 13:16
2015-01-11T18:23:48.082795+00:00,8337,2 Samuel 13:19
2015-01-11T18:30:44.432599+00:00,8359,2 Samuel 14:2
2015-01-11T19:11:47.864943+00:00,23385,Matthew 9:5
2015-01-11T19:12:55.531365+00:00,23388,Matthew 9:8
2015-01-11T19:17:51.881355+00:00,23394,Matthew 9:14
2015-01-11T19:18:50.181329+00:00,23400,Matthew 9:20
2015-01-11T19:20:10.031273+00:00,23404,Matthew 9:24
2015-01-11T19:22:19.398116+00:00,23415,Matthew 9:35
2015-01-11T19:24:20.181442+00:00,23417,Matthew 9:37
2015-01-12T16:03:57.727397+00:00,23419,Matthew 10:1
2015-01-12T16:05:38.442892+00:00,23425,Matthew 10:7
2015-01-12T16:07:21.192812+00:00,23433,Matthew 10:15
2015-01-12T16:08:12.192662+00:00,23437,Matthew 10:19
2015-01-12T16:10:10.442785+00:00,23440,Matthew 10:22
2015-01-12T16:12:30.109367+00:00,23444,Matthew 10:26
2015-01-12T16:19:41.592674+00:00,23446,Matthew 10:28
2015-01-12T16:24:05.376057+00:00,23450,Matthew 10:32
2015-01-12T16:26:27.909274+00:00,23457,Matthew 10:39
2015-01-12T16:28:22.759906+00:00,23452,Matthew 10:34
2015-01-12T16:33:27.492627+00:00,23465,Matthew 11:5
2015-01-12T16:34:57.343311+00:00,23471,Matthew 11:11
2015-01-13T09:09:00.348741+00:00,23482,Matthew 11:22
2015-01-13T09:10:57.916115+00:00,23488,Matthew 11:28
2015-01-13T23:19:57.955428+00:00,23521,Matthew 12:31
2015-01-13T23:23:58.255195+00:00,23526,Matthew 12:36
2015-01-13T23:27:23.855415+00:00,23531,Matthew 12:41
2015-01-13T23:30:07.888270+00:00,23540,Matthew 12:50
2015-01-14T06:55:36.360647+00:00,23515,Matthew 12:25
2015-01-14T07:05:30.460623+00:00,23518,Matthew 12:28
2015-01-14T07:33:39.604594+00:00,23552,Matthew 13:12
2015-01-14T07:44:01.756514+00:00,23580,Matthew 13:40
2015-01-14T15:44:16.917622+00:00,23587,Matthew 13:47
2015-01-14T15:45:42.682703+00:00,23598,Matthew 13:58
2015-01-15T07:25:29.027000+00:00,8178,2 Samuel 6:20
2015-01-15T07:28:34.223000+00:00,10263,1 Chronicles 1:10
2015-01-15T07:33:41.103000+00:00,23573,Matthew 13:33
2015-01-15T07:37:17.998000+00:00,23604,Matthew 14:6
2015-01-15T15:57:30.149631+00:00,23642,Matthew 15:8
2015-01-15T15:59:31.447250+00:00,23645,Matthew 15:11
2015-01-15T16:04:05.580769+00:00,23662,Matthew 15:28
2015-01-16T06:51:05.510962+00:00,8382,2 Samuel 14:25
2015-01-16T06:52:05.877582+00:00,8384,2 Samuel 14:27
2015-01-16T06:54:58.744310+00:00,8396,2 Samuel 15:6
2015-01-16T07:00:57.293236+00:00,8415,2 Samuel 15:25
2015-01-16T07:08:03.944191+00:00,8422,2 Samuel 15:32
2015-01-16T07:12:07.977620+00:00,8439,2 Samuel 16:12
2015-01-16T07:14:32.127538+00:00,8450,2 Samuel 16:23
2015-01-16T07:18:31.177914+00:00,8469,2 Samuel 17:19
2015-01-16T07:25:19.927704+00:00,23684,Matthew 16:11
2015-01-16T13:18:31.399000+00:00,8488,2 Samuel 18:9
2015-01-16T13:22:49.510000+00:00,8497,2 Samuel 18:18
2015-01-16T13:48:07.944000+00:00,23692,Matthew 16:19
2015-01-16T13:49:38.858000+00:00,23699,Matthew 16:26
2015-01-16T13:50:29.123000+00:00,23700,Matthew 16:27
2015-01-16T13:55:20.012000+00:00,23721,Matthew 17:20
2015-01-16T13:57:27.038000+00:00,23727,Matthew 17:26
2015-01-17T21:29:25.405000+00:00,23732,Matthew 18:4
2015-01-17T21:30:21.778000+00:00,23736,Matthew 18:8
2015-01-17T21:34:07.326000+00:00,23741,Matthew 18:13
2015-01-17T21:34:33.815000+00:00,23742,Matthew 18:14
2015-01-17T21:36:34.385000+00:00,23746,Matthew 18:18
2015-01-17T21:39:08.647000+00:00,23762,Matthew 18:34
2015-01-17T21:52:19.577000+00:00,23731,Matthew 18:3
2015-01-19T14:07:42.042474+00:00,23772,Matthew 19:9
2015-01-19T14:10:23.925592+00:00,23777,Matthew 19:14
2015-01-19T14:11:31.258898+00:00,23775,Matthew 19:12
2015-01-19T14:14:17.376091+00:00,23779,Matthew 19:16
2015-01-19T14:17:47.725660+00:00,23793,Matthew 19:30
2015-01-19T14:20:39.775862+00:00,23809,Matthew 20:16
2015-01-19T14:23:55.442228+00:00,23819,Matthew 20:26
2015-01-21T15:48:57.903000+00:00,8571,2 Samuel 20:16
2015-01-21T16:01:01.505000+00:00,8588,2 Samuel 21:7
2015-01-21T16:31:31.289000+00:00,8589,2 Samuel 21:8
2015-01-21T16:40:45.031000+00:00,8589,2 Samuel 21:8
2015-01-21T16:43:50.220000+00:00,8597,2 Samuel 21:16
2015-01-21T16:45:21.729000+00:00,8599,2 Samuel 21:18
2015-01-21T16:46:27.499000+00:00,8609,2 Samuel 22:6
2015-01-21T19:53:15.541000+00:00,8624,2 Samuel 22:21
2015-01-22T15:21:11.847000+00:00,8656,2 Samuel 23:2
2015-01-22T15:26:06.952000+00:00,8660,2 Samuel 23:6
2015-01-22T15:32:26.731000+00:00,8671,2 Samuel 23:17
2015-01-22T15:35:33.451000+00:00,8694,2 Samuel 24:1
2015-01-22T15:39:07.831000+00:00,8707,2 Samuel 24:14
2015-01-22T15:42:53.478000+00:00,8710,2 Samuel 24:17
2015-01-24T18:01:14.658000+00:00,8721,1 Kings 1:3
2015-01-24T18:23:26.593000+00:00,8757,1 Kings 1:39
2015-01-24T18:33:27.755000+00:00,8768,1 Kings 1:50
2015-01-24T18:36:12.959000+00:00,8790,1 Kings 2:19
2015-01-24T18:37:53.902000+00:00,8798,1 Kings 2:27
2015-01-24T18:40:45.143000+00:00,8810,1 Kings 2:39
2015-01-24T18:51:12.555000+00:00,8818,1 Kings 3:1
2015-01-24T18:51:43.909000+00:00,8820,1 Kings 3:3
2015-01-24T18:53:16.962000+00:00,8826,1 Kings 3:9
2015-01-24T18:54:18.173000+00:00,8828,1 Kings 3:11
2015-01-24T18:58:11.467000+00:00,8833,1 Kings 3:16
2015-01-24T19:52:50.459000+00:00,8856,1 Kings 4:11
2015-01-24T19:54:47.310000+00:00,8860,1 Kings 4:15
2015-01-24T20:06:56.317000+00:00,8949,1 Kings 7:14
2015-01-24T20:29:19.604000+00:00,23846,Matthew 21:19
2015-01-24T20:30:26.074000+00:00,23849,Matthew 21:22
2015-01-24T20:31:56.213000+00:00,23851,Matthew 21:24
2015-01-24T20:34:50.514000+00:00,23855,Matthew 21:28
2015-01-24T20:36:48.673000+00:00,23871,Matthew 21:44
2015-01-24T20:39:15.294000+00:00,23886,Matthew 22:13
2015-01-24T21:11:19.360000+00:00,23887,Matthew 22:14
2015-01-24T21:12:36.837000+00:00,23894,Matthew 22:21
2015-01-24T21:45:02.849000+00:00,23918,Matthew 22:45
2015-01-25T17:58:50.290000+00:00,23926,Matthew 23:7
2015-01-25T18:06:29.540000+00:00,23942,Matthew 23:23
2015-01-25T18:11:31.179000+00:00,23943,Matthew 23:24
2015-01-25T18:16:19.169000+00:00,23932,Matthew 23:13
2015-01-25T18:19:26.284000+00:00,23923,Matthew 23:4
2015-01-25T18:21:15.951000+00:00,23950,Matthew 23:31
2015-01-25T18:34:14.578000+00:00,23956,Matthew 23:37
2015-01-25T21:40:19.733000+00:00,23980,Matthew 24:22
2015-01-25T21:41:14.988000+00:00,23982,Matthew 24:24
2015-01-25T22:07:42.825000+00:00,24009,Matthew 24:51
2015-01-25T22:10:46.709000+00:00,24038,Matthew 25:29
2015-01-25T22:11:15.571000+00:00,24039,Matthew 25:30
2015-01-25T22:13:00.799000+00:00,24050,Matthew 25:41
2015-01-25T22:13:42.858000+00:00,24055,Matthew 25:46
2015-01-25T22:14:26.184000+00:00,24042,Matthew 25:33
2015-01-25T22:40:55.581000+00:00,24083,Matthew 26:28
2015-01-25T22:43:11.325000+00:00,24088,Matthew 26:33
2015-01-25T22:45:46.189000+00:00,24107,Matthew 26:52
2015-01-28T15:13:57.570033+00:00,24124,Matthew 26:69
2015-01-28T15:18:03.686908+00:00,24136,Matthew 27:6
2015-01-28T15:21:11.219851+00:00,24149,Matthew 27:19
2015-02-08T22:46:51.285878+00:00,13942,Psalms 1:2
2015-02-08T22:47:29.602255+00:00,13943,Psalms 1:3
2015-02-08T22:50:48.085744+00:00,13974,Psalms 4:8
2015-02-08T22:53:10.136156+00:00,13994,Psalms 6:8
2015-02-15T21:11:02.348000+00:00,24155,Matthew 27:25
2015-02-15T21:20:58.762000+00:00,24216,Matthew 28:20
2015-02-15T21:21:19.071000+00:00,24214,Matthew 28:18
2015-03-06T08:06:59.961000+00:00,28493,1 Corinthians 7:5
2015-04-13T07:48:53.952000+00:00,28592,1 Corinthians 10:24
2015-06-14T05:36:39.702665+00:00,28502,1 Corinthians 7:14
2015-06-14T16:49:50.111307+00:00,28737,1 Corinthians 15:18
2015-06-14T16:52:09.626325+00:00,28741,1 Corinthians 15:22
2015-06-14T17:08:22+00:00,28769,1 Corinthians 15:50
2015-06-14T17:09:50+00:00,28775,1 Corinthians 15:56
2015-06-14T17:10:58+00:00,28779,1 Corinthians 16:2
2015-06-14T17:37:42+00:00,28822,2 Corinthians 1:21
2015-06-14T17:42:44+00:00,28848,2 Corinthians 3:6
2015-06-14T17:44:11+00:00,28859,2 Corinthians 3:17
2015-06-14T17:48:19+00:00,28860,2 Corinthians 3:18
2015-06-14T17:49:34+00:00,28863,2 Corinthians 4:3
2015-06-14T17:50:11+00:00,28864,2 Corinthians 4:4
2015-06-14T18:00:36+00:00,28876,2 Corinthians 4:16
2015-06-14T16:53:01.442507+00:00,28745,1 Corinthians 15:26
2015-09-18T12:05:23+00:00,9160,1 Kings 12:8
2015-09-18T12:07:18+00:00,9167,1 Kings 12:15
2015-09-18T12:20:17+00:00,9203,1 Kings 13:18
2015-09-18T12:27:27+00:00,9221,1 Kings 14:2
2015-09-18T12:35:56+00:00,9255,1 Kings 15:5
2015-09-18T12:37:06+00:00,9263,1 Kings 15:13
2015-09-18T20:57:37+00:00,9315,1 Kings 16:31
2015-09-20T14:03:44+00:00,9320,1 Kings 17:2
2015-09-20T14:06:01+00:00,9327,1 Kings 17:9
2015-09-20T14:09:56+00:00,9340,1 Kings 17:22
2015-09-20T14:10:31+00:00,9343,1 Kings 18:1
2015-09-21T05:25:24+00:00,9373,1 Kings 18:31
2015-09-21T15:49:27+00:00,9397,1 Kings 19:9
2015-09-21T18:18:19+00:00,9444,1 Kings 20:35
2015-09-21T18:20:56+00:00,9449,1 Kings 20:40
2015-09-22T13:47:49+00:00,9480,1 Kings 21:28
2015-09-22T13:51:02+00:00,9486,1 Kings 22:5
2015-09-22T14:09:34+00:00,9561,2 Kings 2:9
2015-09-22T14:14:34+00:00,9575,2 Kings 2:23
2015-09-22T14:15:17+00:00,9542,2 Kings 1:8
2015-09-22T14:23:35+00:00,9592,2 Kings 3:15
2015-09-22T14:27:08+00:00,9599,2 Kings 3:22
2015-09-22T14:27:38+00:00,9605,2 Kings 4:1
2015-09-22T14:30:24+00:00,9612,2 Kings 4:8
2015-09-22T14:32:47+00:00,9620,2 Kings 4:16
2015-09-22T14:52:50+00:00,9651,2 Kings 5:3
2015-09-22T16:47:52+00:00,9712,2 Kings 7:4
2015-09-22T16:48:58+00:00,9714,2 Kings 7:6
2015-09-22T17:00:07+00:00,9746,2 Kings 8:18
2015-09-22T17:06:51+00:00,9763,2 Kings 9:6
2015-09-22T17:11:24+00:00,9783,2 Kings 9:26
2015-09-22T17:44:24+00:00,9781,2 Kings 9:24
2015-09-22T17:51:15+00:00,9786,2 Kings 9:29
2015-09-22T18:03:33+00:00,9831,2 Kings 11:1
2015-09-22T18:04:23+00:00,9832,2 Kings 11:2
2015-09-22T18:24:27+00:00,9893,2 Kings 13:21
2015-09-23T05:07:50+00:00,10103,2 Kings 20:4
2015-09-23T05:17:04+00:00,10160,2 Kings 22:14
2015-09-23T05:23:06+00:00,10191,2 Kings 23:25
2015-09-23T05:27:34+00:00,10030,2 Kings 18:5
2015-09-23T05:27:34+00:00,10030,2 Kings 18:5
2015-09-23T14:23:16+00:00,10342,1 Chronicles 2:35
2015-09-23T17:49:54+00:00,10455,1 Chronicles 5:26
2015-09-23T18:03:34+00:00,10560,1 Chronicles 7:24
2015-09-23T18:39:50+00:00,10674,1 Chronicles 10:14
2015-09-23T18:42:42+00:00,10693,1 Chronicles 11:19
2015-09-23T18:47:21+00:00,10753,1 Chronicles 12:32
2015-09-23T18:52:56+00:00,10790,1 Chronicles 14:15
2015-09-23T19:01:14+00:00,10867,1 Chronicles 17:3
2015-09-23T19:02:34+00:00,10876,1 Chronicles 17:12
2015-09-23T19:05:57+00:00,10904,1 Chronicles 18:13
2015-09-23T19:12:22+00:00,10948,1 Chronicles 21:13
2015-09-23T19:15:59+00:00,10973,1 Chronicles 22:8
2015-09-23T19:16:33+00:00,10974,1 Chronicles 22:9
2015-09-23T19:17:24+00:00,10975,1 Chronicles 22:10
2015-09-23T19:18:36+00:00,10984,1 Chronicles 22:19
2015-09-25T12:36:24+00:00,11088,1 Chronicles 26:10
2015-09-25T12:52:38+00:00,11133,1 Chronicles 27:23
2015-09-25T13:01:24+00:00,11164,1 Chronicles 28:20
2015-09-25T13:03:30+00:00,11174,1 Chronicles 29:9
2015-09-25T15:20:09+00:00,11206,2 Chronicles 1:11
2015-09-25T15:30:37+00:00,11229,2 Chronicles 2:17
2015-09-25T15:41:34+00:00,11327,2 Chronicles 7:2
2015-09-25T15:43:29+00:00,11282,2 Chronicles 5:13
2015-09-28T15:14:17+00:00,11366,2 Chronicles 9:1
2015-09-28T15:15:14+00:00,11369,2 Chronicles 9:4
2015-09-28T19:33:58+00:00,11411,2 Chronicles 10:15
2015-09-29T11:51:05+00:00,11436,2 Chronicles 11:21
2015-09-29T11:58:33+00:00,11451,2 Chronicles 12:13
2015-09-29T12:06:13+00:00,11492,2 Chronicles 15:1
2015-11-03T19:14:07.330780+00:00,11356,2 Chronicles 8:9
2015-11-07T15:14:21.865444+00:00,11366,2 Chronicles 9:1
2015-11-07T17:04:35.011762+00:00,11375,2 Chronicles 9:10
2015-11-07T17:05:29.954694+00:00,11398,2 Chronicles 10:2
2015-11-07T17:08:34.403329+00:00,11411,2 Chronicles 10:15
2015-11-12T19:16:55.758159+00:00,11411,2 Chronicles 10:15
2015-11-12T19:32:55.221989+00:00,11456,2 Chronicles 13:2
2015-11-24T02:20:32.650819+00:00,11494,2 Chronicles 15:3
2015-11-24T02:30:29.843257+00:00,11517,2 Chronicles 16:7
2015-11-24T02:33:36.975096+00:00,11517,2 Chronicles 16:7
2016-01-21T15:01:34.421192+00:00,11561,2 Chronicles 18:18
2016-01-21T15:04:23.171267+00:00,11584,2 Chronicles 19:7
2016-01-21T15:09:46.151569+00:00,11602,2 Chronicles 20:14
2016-01-21T15:22:13.117959+00:00,11656,2 Chronicles 22:11
2016-01-21T15:26:06.118313+00:00,11655,2 Chronicles 22:10
2016-01-22T11:02:53.794125+00:00,11682,2 Chronicles 24:4
2016-01-22T11:05:42.160584+00:00,11707,2 Chronicles 25:2
2016-01-22T12:21:37.829368+00:00,11846,2 Chronicles 30:18
2016-01-22T12:25:24.062946+00:00,11861,2 Chronicles 31:6
2016-01-22T12:28:59.796213+00:00,11884,2 Chronicles 32:8
2016-01-22T12:56:39.092289+00:00,12018,Ezra 1:1
2016-01-26T16:26:25.517653+00:00,12201,Ezra 7:27
2016-01-26T16:34:00.039605+00:00,12224,Ezra 8:22
2016-01-27T12:07:29.347436+00:00,12308,Nehemiah 1:11
2016-01-27T12:16:54.980484+00:00,12320,Nehemiah 2:12
2016-01-27T13:34:26.648111+00:00,12388,Nehemiah 5:5
2016-01-27T13:40:04.894011+00:00,12394,Nehemiah 5:11
2016-01-27T14:01:09.546961+00:00,12413,Nehemiah 6:11
2016-01-27T14:57:58.038757+00:00,12503,Nehemiah 8:9
2016-01-27T15:04:35.855933+00:00,12532,Nehemiah 9:20
2016-01-27T15:08:40.688019+00:00,12550,Nehemiah 9:38
2016-01-27T15:28:33.922744+00:00,12677,Nehemiah 13:5
2016-01-27T15:30:56.855954+00:00,12684,Nehemiah 13:12
2016-01-27T15:36:50.667127+00:00,12698,Nehemiah 13:26
2016-01-28T13:38:17.119180+00:00,12709,Esther 1:6
2016-01-28T13:48:35.674786+00:00,12734,Esther 2:9
2016-01-28T13:49:25.825673+00:00,12732,Esther 2:7
2016-01-28T13:55:30.138952+00:00,12745,Esther 2:20
2016-01-28T14:09:09.668082+00:00,12777,Esther 4:14
2016-01-28T14:16:07.524437+00:00,12794,Esther 5:14
2016-01-28T14:24:38.250756+00:00,12812,Esther 7:4
2016-01-28T14:27:21.133991+00:00,12807,Esther 6:13
2016-01-28T14:30:56.934221+00:00,12833,Esther 8:15
2016-01-28T14:42:52.684170+00:00,14036,Psalms 9:14
2016-01-28T14:50:52.315330+00:00,14103,Psalms 16:10
2016-01-28T14:55:27.048328+00:00,14124,Psalms 18:5
2016-01-28T14:58:51.548649+00:00,14151,Psalms 18:32
2016-01-28T15:00:57.448557+00:00,14171,Psalms 19:2
2016-01-28T15:10:53.397027+00:00,14190,Psalms 20:7
2016-01-28T15:13:55.346575+00:00,14223,Psalms 22:18
2016-01-29T15:28:42.098784+00:00,14357,Psalms 32:1
2016-01-29T15:40:30.860484+00:00,14383,Psalms 33:16
2016-01-29T15:42:51.259890+00:00,14409,Psalms 34:20
2016-01-29T15:44:48.293603+00:00,14408,Psalms 34:19
2016-01-29T15:51:17.143852+00:00,14455,Psalms 37:4
2016-01-29T15:55:15.027028+00:00,14476,Psalms 37:25
2016-01-29T15:59:25.194599+00:00,14490,Psalms 37:39
2016-01-29T16:04:33.310507+00:00,14529,Psalms 40:3
2016-01-29T16:05:25.893530+00:00,14532,Psalms 40:6
2016-01-29T16:10:09.609201+00:00,14543,Psalms 40:17
2016-01-29T16:29:50.184327+00:00,14552,Psalms 41:9
2016-01-29T16:35:23.967130+00:00,14575,Psalms 44:3
2016-01-29T16:39:59.326677+00:00,14607,Psalms 45:9
2016-01-30T13:15:08.018486+00:00,14625,Psalms 46:10
2016-01-30T13:41:40.366899+00:00,14697,Psalms 51:5
2016-01-30T13:55:16.676577+00:00,14764,Psalms 56:8
2016-01-30T13:56:21.076520+00:00,14769,Psalms 56:13
2016-01-30T14:09:34.150195+00:00,14819,Psalms 60:11
2016-01-30T14:18:01.351068+00:00,14886,Psalms 66:12
2016-01-30T14:39:56.802650+00:00,14956,Psalms 69:20
2016-01-30T14:40:36.802145+00:00,14939,Psalms 69:3
2016-01-30T14:41:04.453021+00:00,14957,Psalms 69:21
2016-02-01T15:31:02.912938+00:00,14964,Psalms 69:28
2016-02-01T15:31:44.363004+00:00,14966,Psalms 69:30
2016-02-01T15:57:54.573417+00:00,15095,Psalms 77:1
2016-02-01T16:05:23.723649+00:00,15177,Psalms 78:63
2016-02-01T16:10:33.748104+00:00,15230,Psalms 81:12
2016-02-01T16:18:41.012723+00:00,15298,Psalms 86:13
2016-02-02T20:55:09.985766+00:00,15500,Psalms 98:9
2016-02-02T21:01:11.686325+00:00,15556,Psalms 103:6
2016-02-02T21:01:42.085865+00:00,15553,Psalms 103:3
2016-02-02T21:03:32.352742+00:00,15559,Psalms 103:9
2016-02-02T21:05:14.385135+00:00,15560,Psalms 103:10
2016-02-02T21:06:04.102388+00:00,15564,Psalms 103:14
2016-02-02T21:08:26.535802+00:00,15574,Psalms 104:2
2016-02-03T14:22:09.744915+00:00,15602,Psalms 104:30
2016-02-03T14:39:24.993636+00:00,15709,Psalms 107:9
2016-02-03T14:41:00.349964+00:00,15720,Psalms 107:20
2016-02-03T14:42:41.634375+00:00,15733,Psalms 107:33
2016-02-06T14:57:55.913735+00:00,15773,Psalms 109:17
2016-02-06T14:59:52.497169+00:00,15787,Psalms 109:31
2016-02-06T15:06:36.947209+00:00,15811,Psalms 112:7
2016-02-06T15:12:42.638242+00:00,15876,Psalms 118:6
2016-02-06T15:15:21.955216+00:00,15878,Psalms 118:8
2016-02-06T15:17:52.668878+00:00,15910,Psalms 119:11
2016-02-06T15:27:12.985951+00:00,15997,Psalms 119:98
2016-02-06T15:28:06.419748+00:00,16002,Psalms 119:103
2016-02-06T15:39:17.029928+00:00,16084,Psalms 121:2
2016-02-06T15:45:53.529023+00:00,16124,Psalms 127:2
2016-02-06T15:47:38.695629+00:00,16133,Psalms 128:6
2016-02-08T13:52:07.631379+00:00,16191,Psalms 135:15
2016-02-08T13:56:03.998108+00:00,16231,Psalms 137:8
2016-02-08T13:57:44.764059+00:00,16247,Psalms 139:7
2016-02-08T13:58:22.547424+00:00,16251,Psalms 139:11
2016-02-08T14:00:16.365228+00:00,16257,Psalms 139:17
2016-02-08T14:01:45.547439+00:00,16264,Psalms 139:24
2016-02-08T14:10:33.714690+00:00,16296,Psalms 143:2
2016-02-08T14:11:23.397458+00:00,16302,Psalms 143:8
2016-02-08T14:18:12.031996+00:00,16337,Psalms 145:16
2016-02-08T14:22:23.127911+00:00,16367,Psalms 147:15
2016-02-08T14:27:59.913154+00:00,16390,Psalms 149:4
2016-02-08T14:31:32.279804+00:00,16424,Proverbs 1:23
2016-02-08T14:35:01.795618+00:00,16464,Proverbs 3:8
2016-02-08T14:36:32.696025+00:00,16480,Proverbs 3:24
2016-02-08T14:37:25.013444+00:00,16481,Proverbs 3:25
2016-02-08T14:38:14.196502+00:00,16483,Proverbs 3:27
2016-02-08T14:46:30.853344+00:00,16550,Proverbs 6:9
2016-02-08T14:47:30.317929+00:00,16563,Proverbs 6:22
2016-02-08T14:49:30.787145+00:00,16565,Proverbs 6:24
2016-02-09T16:16:44.265074+00:00,16580,Proverbs 7:4
2016-02-09T16:18:27.518899+00:00,16603,Proverbs 7:27
2016-02-09T16:26:33.917610+00:00,16657,Proverbs 9:18
2016-02-09T16:27:53.617070+00:00,16669,Proverbs 10:12
2016-02-09T16:35:01.967362+00:00,16706,Proverbs 11:17
2016-02-09T16:36:27.100586+00:00,16711,Proverbs 11:22
2016-02-09T16:43:35.969455+00:00,16755,Proverbs 13:7
2016-02-09T16:44:08.352216+00:00,16759,Proverbs 13:11
2016-02-09T16:50:28.014648+00:00,16788,Proverbs 14:15
2016-02-12T16:21:46.185091+00:00,16825,Proverbs 15:17
2016-02-12T16:37:53.315087+00:00,16843,Proverbs 16:2
2016-02-12T16:45:28.815421+00:00,16896,Proverbs 17:22
2016-02-12T16:45:51.381887+00:00,16875,Proverbs 17:1
2016-02-12T16:54:47.781661+00:00,16943,Proverbs 19:17
2016-02-12T16:55:36.432120+00:00,16948,Proverbs 19:22
2016-02-12T16:57:26.082179+00:00,16960,Proverbs 20:5
2016-02-15T15:02:24.947993+00:00,16982,Proverbs 20:27
2016-02-15T15:03:15.596010+00:00,16984,Proverbs 20:29
2016-02-15T15:04:14.998430+00:00,16986,Proverbs 21:1
2016-02-15T15:06:27.193835+00:00,16994,Proverbs 21:9
2016-02-21T15:07:07.965167+00:00,17004,Proverbs 21:19
2016-02-21T15:16:02.214541+00:00,17049,Proverbs 23:4
2016-02-21T15:17:12.347471+00:00,17054,Proverbs 23:9
2016-02-21T15:18:00.231993+00:00,17059,Proverbs 23:14
2016-02-21T15:22:31.933250+00:00,17093,Proverbs 24:13
2016-02-21T15:44:22.595592+00:00,17139,Proverbs 25:25
2016-02-21T15:49:31.176818+00:00,17155,Proverbs 26:13
2016-02-21T15:52:06.276479+00:00,17172,Proverbs 27:2
2016-02-21T15:54:35.976192+00:00,17175,Proverbs 27:5
2016-02-21T15:55:04.226472+00:00,17174,Proverbs 27:4
2016-02-21T16:02:17.242885+00:00,17190,Proverbs 27:20
2016-02-21T16:03:15.608272+00:00,17194,Proverbs 27:24
2016-02-21T16:04:47.875872+00:00,17198,Proverbs 28:1
2016-02-21T16:14:41.626500+00:00,17210,Proverbs 28:13
2016-02-21T16:16:27.826352+00:00,17217,Proverbs 28:20
2016-02-21T16:17:26.710002+00:00,17220,Proverbs 28:23
2016-02-21T16:18:26.128190+00:00,17224,Proverbs 28:27
2016-02-21T16:26:10.557910+00:00,17260,Proverbs 30:8
2016-02-21T16:28:02.324114+00:00,17271,Proverbs 30:19
2016-02-21T16:30:56.507202+00:00,17295,Proverbs 31:10
2016-02-21T16:35:19.224087+00:00,17334,Ecclesiastes 1:18
2016-02-21T16:39:37.390434+00:00,17346,Ecclesiastes 2:12
2016-02-22T13:43:47.518134+00:00,17435,Ecclesiastes 7:5
2016-02-22T14:00:51.225749+00:00,17487,Ecclesiastes 9:11
2016-02-22T14:11:05.225717+00:00,17513,Ecclesiastes 10:19
2016-02-22T14:13:10.642831+00:00,17518,Ecclesiastes 11:4
2016-02-22T14:17:12.142741+00:00,17531,Ecclesiastes 12:7
2016-02-22T14:23:15.294326+00:00,17551,Song of Songs 1:13
2016-02-22T14:34:59.595550+00:00,17592,Song of Songs 4:9
2016-02-22T14:44:59.944572+00:00,17624,Song of Songs 6:9
2016-02-23T15:39:21.338053+00:00,17672,Isaiah 1:17
2016-03-09T16:40:54.044200+00:00,17720,Isaiah 3:12
2016-03-09T16:42:38.918240+00:00,17732,Isaiah 3:24
2016-03-09T16:43:50.717752+00:00,17735,Isaiah 4:1
2016-03-09T16:57:29.767637+00:00,17754,Isaiah 5:14
2016-03-09T17:19:12.893776+00:00,17783,Isaiah 6:13
2016-03-14T22:26:34.349156+00:00,17866,Isaiah 10:15
2016-03-14T22:27:36.638140+00:00,17869,Isaiah 10:18
2016-03-14T22:29:43.137475+00:00,17878,Isaiah 10:27
2016-03-14T22:30:56.787719+00:00,17887,Isaiah 11:2
2016-03-14T22:40:19.766489+00:00,17895,Isaiah 11:10
2016-03-14T22:40:48.448618+00:00,17894,Isaiah 11:9
2016-03-14T22:42:15.032593+00:00,17902,Isaiah 12:1
2016-03-14T22:44:29.631748+00:00,17916,Isaiah 13:9
2016-03-15T15:48:45.210851+00:00,17938,Isaiah 14:9
2016-03-17T16:00:26.916273+00:00,18075,Isaiah 22:22
2016-03-18T15:21:52.141905+00:00,18095,Isaiah 23:17
2016-03-18T15:25:32.075092+00:00,18105,Isaiah 24:9
2016-03-18T16:03:25.849514+00:00,18177,Isaiah 28:12
2016-03-18T16:04:25.816539+00:00,18180,Isaiah 28:15
2016-03-18T16:09:21.933292+00:00,376,Genesis 15:15
2016-03-19T15:21:54.496899+00:00,18207,Isaiah 29:13
2016-03-19T15:22:52.029697+00:00,18208,Isaiah 29:14
2016-03-19T15:25:35.631228+00:00,18219,Isaiah 30:1
2016-03-19T15:30:09.463759+00:00,18239,Isaiah 30:21
2016-03-19T15:34:31.397897+00:00,18252,Isaiah 31:1
2016-03-19T15:35:26.280394+00:00,18256,Isaiah 31:5
2016-03-19T15:38:53.163443+00:00,18275,Isaiah 32:15
2016-03-19T15:41:15.946475+00:00,18281,Isaiah 33:1
2016-03-19T15:42:58.796838+00:00,18292,Isaiah 33:12
2016-03-19T15:45:27.563574+00:00,18304,Isaiah 33:24
2016-03-19T15:56:21.480570+00:00,18356,Isaiah 37:3
2016-03-19T16:09:58.839411+00:00,18450,Isaiah 40:29
2016-03-19T16:11:59.955559+00:00,18460,Isaiah 41:8
2016-03-19T16:22:55.305481+00:00,18469,Isaiah 41:17
2016-03-19T16:39:44.351932+00:00,18462,Isaiah 41:10
2016-03-19T16:40:48.851733+00:00,18466,Isaiah 41:14
2016-03-20T16:51:15.812451+00:00,18501,Isaiah 42:20
2016-03-20T16:53:20.312161+00:00,18508,Isaiah 43:2
2016-03-20T16:56:33.162908+00:00,18525,Isaiah 43:19
2016-03-20T16:58:43.762298+00:00,18531,Isaiah 43:25
2016-03-20T17:02:05.896153+00:00,18537,Isaiah 44:3
2016-03-20T17:38:27.952264+00:00,18563,Isaiah 45:1
2016-03-20T17:39:55.880868+00:00,18569,Isaiah 45:7
2016-03-20T17:42:53.618679+00:00,18585,Isaiah 45:23
2016-03-20T17:43:52.098466+00:00,18579,Isaiah 45:17
2016-03-20T17:46:49.214928+00:00,18596,Isaiah 46:9
2016-03-20T17:47:44.098541+00:00,18600,Isaiah 46:13
2016-03-20T17:54:26.465322+00:00,18645,Isaiah 49:8
2016-03-20T17:57:13.548757+00:00,18660,Isaiah 49:23
2016-03-20T17:59:52.399162+00:00,18670,Isaiah 50:7
2016-03-20T18:02:40.782255+00:00,18686,Isaiah 51:12
2016-03-21T05:40:54.956730+00:00,18717,Isaiah 53:5
2016-03-21T05:42:14.622968+00:00,18718,Isaiah 53:6
2016-03-21T05:46:43.338846+00:00,18723,Isaiah 53:11
2016-03-21T06:19:49.282484+00:00,18732,Isaiah 54:8
2016-03-21T06:20:51.831822+00:00,18733,Isaiah 54:9
2016-03-21T06:22:06.932763+00:00,18734,Isaiah 54:10
2016-03-21T06:24:09.632041+00:00,18740,Isaiah 54:16
2016-03-21T06:24:36.948718+00:00,18741,Isaiah 54:17
2016-03-21T06:35:20.315033+00:00,18785,Isaiah 57:19
2016-04-02T16:29:44.188631+00:00,18793,Isaiah 58:6
2016-04-02T17:20:38.692644+00:00,18835,Isaiah 60:13
2016-04-02T17:29:00.893063+00:00,18859,Isaiah 62:4
2016-04-02T17:38:32.943152+00:00,18890,Isaiah 64:4
2016-04-02T17:43:56.793072+00:00,18922,Isaiah 65:24
2016-04-02T17:49:23.976434+00:00,18932,Isaiah 66:9
2016-04-02T17:50:33.208870+00:00,18936,Isaiah 66:13
2016-04-02T17:52:14.358639+00:00,18940,Isaiah 66:17
2016-04-02T17:56:33.733815+00:00,18947,Isaiah 66:24
2016-04-02T22:45:19.345815+00:00,18949,Jeremiah 1:2
2016-04-02T22:54:41.494165+00:00,18977,Jeremiah 2:11
2016-04-03T16:45:32.901171+00:00,19015,Jeremiah 3:12
2016-04-03T16:51:21.201228+00:00,19019,Jeremiah 3:16
2016-04-03T17:08:17.940255+00:00,19058,Jeremiah 4:30
2016-04-14T00:22:21.269860+00:00,19106,Jeremiah 6:16
2016-04-30T15:29:30+00:00,19212,Jeremiah 10:10
2016-05-01T15:08:12+00:00,19221,Jeremiah 10:19
2016-05-02T15:55:07+00:00,19363,Jeremiah 17:5
2016-05-02T16:19:46+00:00,19468,Jeremiah 22:13
2016-05-04T15:04:32+00:00,19532,Jeremiah 24:7
2016-05-04T16:46:06+00:00,19726,Jeremiah 31:34
2016-05-04T16:56:50+00:00,19771,Jeremiah 32:39
2016-05-04T17:01:59+00:00,19779,Jeremiah 33:3
2016-05-04T17:06:58+00:00,19792,Jeremiah 33:16
2016-05-10T16:30:24+00:00,20063,Jeremiah 46:17
2016-05-11T04:45:28+00:00,20376,Lamentations 3:21
2016-05-11T04:55:03+00:00,20386,Lamentations 3:31
2016-05-17T22:27:47+00:00,20708,Ezekiel 12:27
2016-05-17T22:35:38+00:00,20746,Ezekiel 14:14
2016-05-21T02:07:08+00:00,20873,Ezekiel 18:23
2016-05-21T03:56:31+00:00,21340,Ezekiel 34:26
2016-05-22T16:54:56.722529+00:00,21751,Daniel 1:13
2016-05-22T17:22:11+00:00,21885,Daniel 5:10
2016-05-22T17:29:24+00:00,21916,Daniel 6:10
2016-05-22T18:00:33.917121+00:00,22084,Daniel 12:2
2016-05-22T21:14:52+00:00,22344,Joel 2:32
2016-05-22T23:01:12+00:00,22402,Amos 3:6
2016-05-22T23:09:48+00:00,22442,Amos 5:18
2016-05-22T23:16:52+00:00,22493,Amos 8:11
2016-05-22T23:17:36+00:00,22498,Amos 9:2
2016-05-22T23:19:41+00:00,22503,Amos 9:7
2016-05-23T08:05:32+00:00,22551,Jonah 2:2
2016-05-23T08:09:36+00:00,22580,Jonah 4:11
2016-05-23T14:12:16+00:00,22636,Micah 5:2
2016-05-23T14:17:28+00:00,22653,Micah 6:4
2016-05-23T14:22:08+00:00,22657,Micah 6:8
2016-05-23T14:23:26+00:00,22672,Micah 7:7
2016-05-23T18:46:02+00:00,22865,Haggai 2:9
2016-05-23T18:58:38+00:00,22929,Zechariah 4:6
2016-05-23T19:04:21+00:00,22972,Zechariah 7:9
2016-05-23T20:01:07+00:00,23114,Malachi 2:10
2016-05-23T20:06:03+00:00,23123,Malachi 3:2
2016-05-23T20:07:15+00:00,23140,Malachi 4:1
