date,verse_url,reference
2014-05-26T18:11:27.415000+00:00,1/GEN.15.15,Genesis 15:15
2014-05-26T18:18:15.604000+00:00,1/GEN.3.17,Genesis 3:17
2014-05-27T04:11:35.459000+00:00,1/GEN.19.20,Genesis 19:20
2014-05-27T03:55:33.174000+00:00,1/GEN.17.1,Genesis 17:1
2014-05-27T03:59:30.406000+00:00,1/GEN.18.1,Genesis 18:1
2014-05-27T05:02:06.865000+00:00,1/GEN.24.24,Genesis 24:24
2014-05-27T04:02:32.929000+00:00,1/GEN.18.15,Genesis 18:15
2014-05-27T05:27:26.319000+00:00,1/GEN.26.5,Genesis 26:5
2014-05-27T04:56:16.636000+00:00,1/GEN.24.8,Genesis 24:8
2014-05-27T04:56:35.437000+00:00,1/GEN.24.8,Genesis 24:8
2014-05-27T05:15:44.463000+00:00,1/GEN.24.30,Genesis 24:30
2014-05-28T04:59:33.947000+00:00,1/GEN.34.3,Genesis 34:3
2014-05-28T05:03:32.306000+00:00,1/GEN.34.13,Genesis 34:13
2014-05-28T04:55:28.064000+00:00,1/GEN.34.2,Genesis 34:2
2014-05-28T05:33:24.721000+00:00,1/GEN.35.22,Genesis 35:22
2014-05-29T04:12:12.239000+00:00,1/GEN.42.21,Genesis 42:21
2014-05-29T05:18:05.367000+00:00,1/GEN.45.3,Genesis 45:3
2014-05-29T06:26:24.298819+00:00,1/EXO.1.17,Exodus 1:17
2014-05-29T06:36:04.445000+00:00,1/EXO.2.4,Exodus 2:4
2014-05-31T06:05:41.090579+00:00,1/GEN.45.5,Genesis 45:5
2014-05-31T13:49:12.441000+00:00,1/EXO.10.1,Exodus 10:1
2014-05-31T17:00:34.600000+00:00,1/EXO.15.26,Exodus 15:26
2014-05-31T16:04:34.153482+00:00,1/EXO.13.2,Exodus 13:2
2014-05-31T16:24:16.487000+00:00,1/EXO.13.18,Exodus 13:18
2014-06-01T00:29:57.767000+00:00,1/EXO.19.22,Exodus 19:22
2014-06-01T01:08:08.591379+00:00,1/EXO.14.15,Exodus 14:15
2014-06-01T00:33:39.822000+00:00,1/EXO.20.3,Exodus 20:3
2014-06-01T00:41:43.523000+00:00,1/EXO.20.18,Exodus 20:18
2014-06-01T01:49:19.188000+00:00,1/EXO.22.16,Exodus 22:16
2014-06-01T02:11:49.836000+00:00,1/EXO.24.10,Exodus 24:10
2014-06-01T02:05:09.919000+00:00,1/EXO.23.32,Exodus 23:32
2014-06-01T06:46:12.742160+00:00,1/EXO.32.5,Exodus 32:5
2014-06-01T07:04:53.994000+00:00,1/EXO.36.5,Exodus 36:5
2014-06-01T13:25:53.558000+00:00,1/EXO.40.3,Exodus 40:3
2014-06-02T05:34:03.306755+00:00,1/LEV.18.18,Leviticus 18:18
2014-06-02T12:41:02.795000+00:00,1/NUM.1.25,Numbers 1:25
2014-06-04T04:41:45.075758+00:00,1/EXO.12.46,Exodus 12:46
2014-06-06T04:44:36+00:00,1/NUM.22.8,Numbers 22:8
2014-06-06T04:50:01+00:00,1/NUM.22.29,Numbers 22:29
2014-06-06T05:29:11+00:00,1/NUM.25.1,Numbers 25:1
2014-06-06T22:56:29+00:00,1/NUM.32.1,Numbers 32:1
2014-06-07T00:27:51+00:00,1/DEU.1.38,Deuteronomy 1:38
2014-06-07T00:59:20+00:00,1/DEU.4.6,Deuteronomy 4:6
2014-06-07T01:19:59+00:00,1/DEU.7.1,Deuteronomy 7:1
2014-06-07T01:20:56+00:00,1/EXO.23.32,Exodus 23:32
2014-06-08T14:57:11+00:00,1/DEU.8.8,Deuteronomy 8:8
2014-06-08T15:09:43+00:00,1/DEU.9.5,Deuteronomy 9:5
2014-06-08T22:56:16+00:00,1/DEU.15.4,Deuteronomy 15:4
2014-06-08T23:32:24+00:00,1/DEU.20.8,Deuteronomy 20:8
2014-06-08T23:49:50+00:00,1/DEU.22.6,Deuteronomy 22:6
2014-06-08T23:53:47+00:00,1/DEU.22.26,Deuteronomy 22:26
2014-06-09T00:14:22+00:00,1/DEU.24.5,Deuteronomy 24:5
2014-06-09T00:33:46+00:00,114/DEU.26.12,Deuteronomy 26:12
2014-06-09T00:51:51+00:00,1/DEU.27.16,Deuteronomy 27:16
2014-06-09T01:03:16+00:00,1/DEU.28.67,Deuteronomy 28:67
2014-06-09T01:08:10+00:00,1/DEU.28.15,Deuteronomy 28:15
2014-06-29T18:21:14.939956+00:00,1/JOS.24.19,Joshua 24:19
2014-06-29T18:31:01.743123+00:00,1/JOS.24.33,Joshua 24:33
2014-06-29T19:57:24+00:00,1/JDG.1.6,Judges 1:6
2014-06-29T21:05:03+00:00,1/JDG.2.21,Judges 2:21
2014-07-10T07:02:57+00:00,1/JHN.9.41,John 9:41
2014-07-10T07:17:53+00:00,1/JHN.11.47,John 11:47
2014-07-16T08:03:24.811199+00:00,1/JHN.14.28,John 14:28
2014-07-20T06:44:50.726000+00:00,1/JOB.1.12,Job 1:12
2014-09-09T15:00:22.189656+00:00,1/JDG.11.39,Judges 11:39
2014-10-14T09:20:20.021647+00:00,1/1SA.8.20,1 Samuel 8:20
2014-11-10T15:21:55.779037+00:00,1/ROM.2.14,Romans 2:14
2014-11-17T07:33:45.094820+00:00,1/ROM.9.11,Romans 9:11
2014-11-18T07:30:01.582350+00:00,1/ROM.11.4,Romans 11:4
2015-01-08T20:45:21.839024+00:00,1/MAT.2.13,Matthew 2:13
2015-01-14T15:57:34.165852+00:00,1/MAT.13.58,Matthew 13:58
2015-01-17T22:03:38.005712+00:00,1/MAT.18.3,Matthew 18:3
2015-01-25T18:58:10.975456+00:00,1/MAT.23.35,Matthew 23:35
2015-09-22T14:08:02+00:00,1/2KI.2.2,2 Kings 2:2
2015-09-22T18:01:55+00:00,1/2KI.10.19,2 Kings 10:19
2015-09-25T15:24:30+00:00,1/2CH.1.4,2 Chronicles 1:4
2016-02-06T15:43:22.223029+00:00,1/PSA.122.1,Psalms 122:1
2016-05-24T15:42:03+00:00,1/MRK.6.41,Mark 6:41
2016-05-31T17:40:00+00:00,1/ACT.8.5,Acts 8:5
2016-05-31T18:03:13+00:00,1/ACT.8.20,Acts 8:20
2016-05-31T18:27:32+00:00,1/ACT.8.37,Acts 8:37
2014-05-26T04:02:42.645000+00:00,1/GEN.1.26,Genesis 1:26
2014-05-26T04:22:11.317000+00:00,1/GEN.4.16,Genesis 4:16
2014-05-26T04:31:33.494000+00:00,1/GEN.5.29,Genesis 5:29
2014-05-26T04:33:45.242000+00:00,1/GEN.6.9,Genesis 6:9
2014-05-26T04:04:18.323000+00:00,1/GEN.2.5,Genesis 2:5
2014-05-26T04:25:07.216000+00:00,1/GEN.5.2,Genesis 5:2
2014-05-26T04:25:34.613000+00:00,1/GEN.5.3,Genesis 5:3
2014-05-26T04:29:56.426000+00:00,1/GEN.5.22,Genesis 5:22
2014-05-26T04:33:22.022000+00:00,1/GEN.6.8,Genesis 6:8
2014-05-26T04:43:38.077000+00:00,1/GEN.8.7,Genesis 8:7
2014-05-26T14:12:03.486000+00:00,1/GEN.9.1,Genesis 9:1
2014-05-26T14:12:31.279000+00:00,1/GEN.9.2,Genesis 9:2
2014-05-26T14:13:48.275000+00:00,1/GEN.9.4,Genesis 9:4
2014-05-26T15:39:50.205000+00:00,1/GEN.11.2,Genesis 11:2
2014-05-26T16:21:46.610000+00:00,1/GEN.12.4,Genesis 12:4
2014-05-26T16:11:38.588000+00:00,1/GEN.11.24,Genesis 11:24
2014-05-26T16:24:30.268000+00:00,1/GEN.12.5,Genesis 12:5
2014-05-26T17:34:28.105000+00:00,1/GEN.13.17,Genesis 13:17
2014-05-26T16:37:34.743000+00:00,1/GEN.12.7,Genesis 12:7
2014-05-26T16:39:40.728000+00:00,1/GEN.12.7,Genesis 12:7
2014-05-26T17:57:24.159000+00:00,1/GEN.14.20,Genesis 14:20
2014-05-26T18:06:32.522000+00:00,1/GEN.15.6,Genesis 15:6
2014-05-26T18:09:12.918000+00:00,1/GEN.15.11,Genesis 15:11
2014-05-26T18:28:30.887000+00:00,1/JHN.1.13,John 1:13
2014-05-26T17:32:25.613000+00:00,1/GEN.13.10,Genesis 13:10
2014-05-27T04:41:18.734000+00:00,1/GEN.22.6,Genesis 22:6
2014-05-27T03:53:25.318000+00:00,1/GEN.17.1,Genesis 17:1
2014-05-27T05:37:03.355000+00:00,1/GEN.26.24,Genesis 26:24
2014-05-27T04:41:11.312000+00:00,1/GEN.22.6,Genesis 22:6
2014-05-27T05:48:46.100000+00:00,1/GEN.27.20,Genesis 27:20
2014-05-27T05:55:40.860000+00:00,1/GEN.27.43,Genesis 27:43
2014-05-27T05:24:24.068000+00:00,1/GEN.25.34,Genesis 25:34
2014-05-27T05:25:16.237000+00:00,1/GEN.26.2,Genesis 26:2
2014-05-27T05:36:30.399000+00:00,1/GEN.26.19,Genesis 26:19
2014-05-27T05:46:40.286000+00:00,1/GEN.27.9,Genesis 27:9
2014-05-27T05:58:57.048000+00:00,1/GEN.28.12,Genesis 28:12
2014-05-27T06:49:45.919858+00:00,1/GEN.29.4,Genesis 29:4
2014-05-27T14:36:10.559000+00:00,1/GEN.31.15,Genesis 31:15
2014-05-27T14:39:32.405000+00:00,1/GEN.31.19,Genesis 31:19
2014-05-28T04:30:16.713000+00:00,1/GEN.31.52,Genesis 31:52
2014-05-28T04:45:02.081000+00:00,1/GEN.32.30,Genesis 32:30
2014-05-28T05:08:42.786000+00:00,1/GEN.35.9,Genesis 35:9
2014-05-28T05:12:14.160000+00:00,1/GEN.35.8,Genesis 35:8
2014-05-28T05:49:36.874000+00:00,1/GEN.37.26,Genesis 37:26
2014-05-28T05:01:14.511000+00:00,1/GEN.34.13,Genesis 34:13
2014-05-28T06:01:24.169000+00:00,1/GEN.39.7,Genesis 39:7
2014-05-28T05:06:59.338000+00:00,1/GEN.35.2,Genesis 35:2
2014-05-28T05:41:32.724000+00:00,1/GEN.36.24,Genesis 36:24
2014-05-28T06:12:38.387000+00:00,1/GEN.40.20,Genesis 40:20
2014-05-29T04:03:54.382000+00:00,1/GEN.42.13,Genesis 42:13
2014-05-29T04:04:38.107000+00:00,1/GEN.42.18,Genesis 42:18
2014-05-29T04:44:31.452000+00:00,1/GEN.42.37,Genesis 42:37
2014-05-29T05:56:54.600000+00:00,1/GEN.49.31,Genesis 49:31
2014-05-30T05:15:25.754000+00:00,1/EXO.4.16,Exodus 4:16
2014-05-30T05:13:18.335000+00:00,1/EXO.4.12,Exodus 4:12
2014-05-30T05:16:17.549000+00:00,1/EXO.4.20,Exodus 4:20
2014-05-30T14:17:04.468000+00:00,1/EXO.6.27,Exodus 6:27
2014-05-30T14:20:08.223000+00:00,1/EXO.6.23,Exodus 6:23
2014-05-30T14:32:40.696000+00:00,1/EXO.8.22,Exodus 8:22
2014-05-31T06:10:35.544000+00:00,1/EXO.9.16,Exodus 9:16
2014-05-31T06:15:40.100000+00:00,1/EXO.9.20,Exodus 9:20
2014-05-31T14:48:43.109000+00:00,1/EXO.12.13,Exodus 12:13
2014-05-31T21:54:52.861000+00:00,1/EXO.16.18,Exodus 16:18
2014-05-31T21:53:51.645000+00:00,1/EXO.16.10,Exodus 16:10
2014-05-31T21:56:19.810000+00:00,1/EXO.16.31,Exodus 16:31
2014-05-31T21:59:44.409000+00:00,1/EXO.17.9,Exodus 17:9
2014-05-31T22:10:01.077000+00:00,1/EXO.18.21,Exodus 18:21
2014-06-01T00:21:38.675000+00:00,1/EXO.19.8,Exodus 19:8
2014-06-01T02:15:58.039000+00:00,1/EXO.24.17,Exodus 24:17
2014-06-01T02:17:16.354000+00:00,1/EXO.25.8,Exodus 25:8
2014-06-01T02:28:37.849000+00:00,1/EXO.28.3,Exodus 28:3
2014-06-01T02:06:07.620000+00:00,1/EXO.24.3,Exodus 24:3
2014-06-01T06:23:07.718000+00:00,1/EXO.29.38,Exodus 29:38
2014-06-01T06:36:46.625000+00:00,1/EXO.32.28,Exodus 32:28
2014-06-01T06:54:36.190000+00:00,1/EXO.33.13,Exodus 33:13
2014-06-01T06:55:21.256000+00:00,1/EXO.33.19,Exodus 33:19
2014-06-01T06:57:28.126000+00:00,1/EXO.34.14,Exodus 34:14
2014-06-01T06:59:29.708000+00:00,1/EXO.34.29,Exodus 34:29
2014-06-01T07:12:03.325000+00:00,1/EXO.38.8,Exodus 38:8
2014-06-01T06:24:59.895000+00:00,1/EXO.30.10,Exodus 30:10
2014-06-01T06:29:41.702000+00:00,1/EXO.30.23,Exodus 30:23
2014-06-01T06:31:47.393000+00:00,1/EXO.31.18,Exodus 31:18
2014-06-01T06:35:53.809000+00:00,1/EXO.32.24,Exodus 32:24
2014-06-01T06:52:58.082000+00:00,1/EXO.33.11,Exodus 33:11
2014-06-01T06:56:14.968000+00:00,1/EXO.34.5,Exodus 34:5
2014-06-01T06:58:41.161000+00:00,1/EXO.34.28,Exodus 34:28
2014-06-01T07:02:29.548000+00:00,1/EXO.35.21,Exodus 35:21
2014-06-01T13:36:56.892000+00:00,1/LEV.2.13,Leviticus 2:13
2014-06-01T13:10:55.929000+00:00,1/EXO.38.22,Exodus 38:22
2014-06-01T13:36:16.064000+00:00,1/LEV.2.11,Leviticus 2:11
2014-06-01T13:58:02.386000+00:00,1/LEV.5.17,Leviticus 5:17
2014-06-01T16:21:10.966000+00:00,1/LEV.9.23,Leviticus 9:23
2014-06-01T16:32:15.005000+00:00,1/LEV.10.14,Leviticus 10:14
2014-06-01T16:48:26.595000+00:00,1/LEV.12.2,Leviticus 12:2
2014-06-01T16:56:54.611000+00:00,1/LEV.14.17,Leviticus 14:17
2014-06-01T16:43:03.883000+00:00,1/LEV.11.37,Leviticus 11:37
2014-06-01T16:53:16.255000+00:00,1/LEV.13.45,Leviticus 13:45
2014-06-02T05:47:36.269000+00:00,1/LEV.19.26,Leviticus 19:26
2014-06-02T05:49:31.605000+00:00,1/LEV.19.32,Leviticus 19:32
2014-06-02T06:05:03.534000+00:00,1/LEV.22.13,Leviticus 22:13
2014-06-02T05:19:15.275000+00:00,1/LEV.16.8,Leviticus 16:8
2014-06-02T06:15:48.640000+00:00,1/LEV.25.10,Leviticus 25:10
2014-06-02T12:37:48.840000+00:00,1/NUM.1.7,Numbers 1:7
2014-06-02T12:46:03.882000+00:00,1/NUM.2.3,Numbers 2:3
2014-06-03T13:19:12.254000+00:00,1/NUM.7.9,Numbers 7:9
2014-06-03T13:30:22.488000+00:00,1/NUM.7.89,Numbers 7:89
2014-06-04T04:44:46.353000+00:00,1/NUM.9.15,Numbers 9:15
2014-06-04T05:08:54.609000+00:00,1/NUM.13.23,Numbers 13:23
2014-06-04T05:10:38.387000+00:00,1/NUM.13.30,Numbers 13:30
2014-06-04T05:11:13.465000+00:00,1/NUM.14.2,Numbers 14:2
2014-06-04T04:46:48.202000+00:00,1/NUM.10.11,Numbers 10:11
2014-06-04T04:53:46.860000+00:00,1/NUM.11.5,Numbers 11:5
2014-06-05T05:19:20.006000+00:00,1/NUM.21.5,Numbers 21:5
2014-06-06T13:05:20+00:00,1/NUM.26.33,Numbers 26:33
2014-06-06T13:06:44+00:00,1/NUM.26.46,Numbers 26:46
2014-06-06T13:08:45+00:00,1/NUM.26.59,Numbers 26:59
2014-06-06T13:13:22+00:00,1/NUM.27.7,Numbers 27:7
2014-06-06T13:21:56+00:00,1/NUM.27.23,Numbers 27:23
2014-06-06T22:46:53+00:00,1/NUM.31.49,Numbers 31:49
2014-06-07T00:16:05+00:00,1/NUM.36.13,Numbers 36:13
2014-06-07T00:20:23+00:00,1/DEU.1.8,Deuteronomy 1:8
2014-06-07T00:25:13+00:00,1/DEU.1.28,Deuteronomy 1:28
2014-06-07T00:26:10+00:00,1/DEU.1.36,Deuteronomy 1:36
2014-06-07T00:28:34+00:00,1/DEU.1.44,Deuteronomy 1:44
2014-06-07T00:46:27+00:00,1/DEU.2.5,Deuteronomy 2:5
2014-06-07T00:47:39+00:00,1/DEU.2.9,Deuteronomy 2:9
2014-06-07T00:50:56+00:00,1/DEU.2.30,Deuteronomy 2:30
2014-06-07T00:56:51+00:00,1/DEU.4.2,Deuteronomy 4:2
2014-06-07T01:00:45+00:00,1/DEU.4.9,Deuteronomy 4:9
2014-06-07T01:01:31+00:00,1/DEU.4.15,Deuteronomy 4:15
2014-06-07T01:02:26+00:00,1/DEU.4.24,Deuteronomy 4:24
2014-06-07T01:04:32+00:00,1/DEU.4.39,Deuteronomy 4:39
2014-06-08T23:01:18+00:00,1/DEU.16.3,Deuteronomy 16:3
2014-06-08T23:04:10+00:00,1/DEU.16.19,Deuteronomy 16:19
2014-06-08T23:11:50+00:00,1/DEU.18.10,Deuteronomy 18:10
2014-06-08T23:40:40+00:00,1/DEU.21.17,Deuteronomy 21:17
2014-06-08T23:57:54+00:00,1/DEU.23.7,Deuteronomy 23:7
2014-06-09T05:35:17+00:00,1/DEU.29.29,Deuteronomy 29:29
2014-06-09T05:44:41+00:00,1/DEU.32.6,Deuteronomy 32:6
2014-06-10T07:02:16+00:00,1/JOS.7.21,Joshua 7:21
2014-06-28T20:01:10.775686+00:00,1/JOS.8.25,Joshua 8:25
2014-06-28T20:31:52.190124+00:00,1/JOS.10.14,Joshua 10:14
2014-06-28T20:45:11.623466+00:00,1/JOS.12.24,Joshua 12:24
2014-06-28T20:46:50.990115+00:00,1/JOS.13.13,Joshua 13:13
2014-06-28T20:51:54.056724+00:00,1/JOS.14.14,Joshua 14:14
2014-06-29T17:22:08.654000+00:00,1/JOS.19.9,Joshua 19:9
2014-06-29T17:49:26.279000+00:00,1/JOS.22.11,Joshua 22:11
2014-07-08T18:13:31.574000+00:00,1/JHN.5.22,John 5:22
2014-07-08T18:14:49.530000+00:00,1/JHN.5.25,John 5:25
2014-07-08T18:19:06.367000+00:00,1/JHN.5.39,John 5:39
2014-07-08T18:20:04.050000+00:00,1/JHN.5.45,John 5:45
2014-07-09T18:12:51.059000+00:00,1/JHN.7.34,John 7:34
2014-07-16T08:15:07.039496+00:00,1/JHN.16.8,John 16:8
2014-07-20T06:58:23.834000+00:00,1/JOB.6.14,Job 6:14
2014-07-20T07:00:10.496000+00:00,1/JOB.6.30,Job 6:30
2014-07-20T07:27:14.920000+00:00,1/JOB.17.10,Job 17:10
2014-07-20T07:30:07.131000+00:00,1/JOB.19.3,Job 19:3
2014-07-20T07:34:34.002000+00:00,1/JOB.21.3,Job 21:3
2014-07-20T08:03:03.824000+00:00,1/JOB.26.2,Job 26:2
2014-07-20T15:15:42.953000+00:00,1/JOB.40.15,Job 40:15
2014-07-20T15:18:12.231000+00:00,1/JOB.41.21,Job 41:21
2014-07-20T15:47:17.019000+00:00,1/JHN.19.11,John 19:11
2014-07-20T15:52:06.503000+00:00,1/JHN.19.33,John 19:33
2014-07-20T15:55:09.538000+00:00,1/JHN.20.7,John 20:7
2014-08-01T08:58:05.312000+00:00,1/JDG.10.8,Judges 10:8
2014-09-13T17:45:04.299000+00:00,1/JDG.20.18,Judges 20:18
2014-11-10T03:13:36.379736+00:00,1/1SA.17.51,1 Samuel 17:51
2014-11-10T08:16:36.041000+00:00,1/1SA.17.20,1 Samuel 17:20
2014-11-10T14:23:05.451000+00:00,1/ROM.1.8,Romans 1:8
2014-11-13T07:46:55.226000+00:00,1/ROM.6.11,Romans 6:11
2014-11-18T07:47:18.281000+00:00,1/ROM.13.11,Romans 13:11
2014-11-18T15:48:19.155000+00:00,1/ROM.16.17,Romans 16:17
2015-01-25T18:11:51.176000+00:00,1/MAT.23.24,Matthew 23:24
2015-01-25T18:16:31.614000+00:00,1/MAT.23.14,Matthew 23:14
2014-05-31T16:47:20.860000+00:00,1/EXO.14.14,Exodus 14:14
2014-05-31T16:57:30.675000+00:00,1/EXO.15.20,Exodus 15:20
2014-06-01T01:32:40.801000+00:00,1/EXO.21.2,Exodus 21:2
2014-06-01T01:34:40.650000+00:00,1/EXO.21.20,Exodus 21:20
2014-06-01T01:38:45.227000+00:00,1/EXO.21.26,Exodus 21:26
2014-06-01T01:41:11.816000+00:00,1/EXO.21.32,Exodus 21:32
2014-06-01T01:42:36.207000+00:00,1/EXO.22.3,Exodus 22:3
2014-06-01T01:50:44.560000+00:00,1/EXO.22.21,Exodus 22:21
2014-06-01T01:55:22.451000+00:00,1/EXO.23.3,Exodus 23:3
2014-06-01T01:29:23.659000+00:00,1/EXO.21.2,Exodus 21:2
2014-06-01T01:33:10.558000+00:00,1/EXO.21.16,Exodus 21:16
2014-06-01T01:58:48.732000+00:00,1/EXO.23.6,Exodus 23:6
2014-06-01T02:02:11.638000+00:00,1/EXO.23.25,Exodus 23:25
2014-06-01T16:12:22.465000+00:00,1/LEV.8.12,Leviticus 8:12
2014-06-01T16:38:15.331000+00:00,1/LEV.10.16,Leviticus 10:16
2014-06-02T05:42:58.507000+00:00,1/LEV.19.9,Leviticus 19:9
2014-06-02T05:44:58.560000+00:00,1/LEV.19.17,Leviticus 19:17
2014-06-02T05:50:25.703000+00:00,1/LEV.19.33,Leviticus 19:33
2014-06-02T06:06:55.745000+00:00,1/LEV.22.28,Leviticus 22:28
2014-06-02T05:43:42.806000+00:00,1/LEV.19.14,Leviticus 19:14
2014-06-02T06:10:16.090000+00:00,1/LEV.23.22,Leviticus 23:22
2014-06-02T12:13:01.071000+00:00,1/LEV.25.39,Leviticus 25:39
2014-06-02T12:15:06.649000+00:00,1/LEV.26.4,Leviticus 26:4
2014-06-02T12:21:23.059000+00:00,1/LEV.26.26,Leviticus 26:26
2014-06-03T13:17:40.365000+00:00,1/NUM.6.24,Numbers 6:24
2014-06-04T04:51:31.445000+00:00,114/NUM.10.11,Numbers 10:11
2014-06-04T05:11:33.907000+00:00,1/NUM.14.2,Numbers 14:2
2014-06-04T05:13:19.490000+00:00,1/NUM.14.21,Numbers 14:21
2014-06-04T13:20:08.814000+00:00,1/NUM.16.34,Numbers 16:34
2014-06-04T13:22:44.504000+00:00,1/NUM.16.22,Numbers 16:22
2014-06-05T14:10:36.051000+00:00,1/NUM.21.31,Numbers 21:31
2014-06-05T14:13:58.189000+00:00,1/NUM.21.17,Numbers 21:17
2014-06-06T04:48:32+00:00,1/NUM.22.29,Numbers 22:29
2014-06-06T05:00:56+00:00,1/NUM.23.19,Numbers 23:19
2014-06-06T05:04:09+00:00,1/NUM.24.2,Numbers 24:2
2014-06-06T05:09:39+00:00,1/NUM.24.17,Numbers 24:17
2014-06-06T13:17:31+00:00,1/NUM.27.1,Numbers 27:1
2014-06-06T13:19:07+00:00,1/NUM.27.18,Numbers 27:18
2014-06-06T22:40:37+00:00,1/NUM.30.3,Numbers 30:3
2014-06-06T22:44:41+00:00,1/NUM.31.23,Numbers 31:23
2014-06-06T23:06:24+00:00,1/NUM.33.3,Numbers 33:3
2014-06-07T00:13:05+00:00,1/NUM.35.33,Numbers 35:33
2014-06-07T00:18:09+00:00,1/DEU.1.2,Deuteronomy 1:2
2014-06-07T00:25:25+00:00,1/DEU.1.28,Deuteronomy 1:28
2014-06-07T00:47:20+00:00,1/DEU.2.10,Deuteronomy 2:10
2014-06-07T00:48:54+00:00,1/DEU.2.13,Deuteronomy 2:13
2014-06-07T00:49:31+00:00,1/DEU.2.20,Deuteronomy 2:20
2014-06-07T00:53:25+00:00,1/DEU.3.11,Deuteronomy 3:11
2014-06-07T00:55:48+00:00,1/DEU.3.22,Deuteronomy 3:22
2014-06-07T01:03:07+00:00,1/DEU.4.29,Deuteronomy 4:29
2014-06-07T01:23:06+00:00,1/DEU.7.13,Deuteronomy 7:13
2014-06-08T15:02:55+00:00,1/DEU.9.2,Deuteronomy 9:2
2014-06-08T15:11:59+00:00,1/DEU.10.6,Deuteronomy 10:6
2014-06-08T15:15:34+00:00,1/DEU.10.17,Deuteronomy 10:17
2014-06-08T15:20:29+00:00,1/DEU.10.12,Deuteronomy 10:12
2014-06-08T22:32:15+00:00,1/DEU.11.1,Deuteronomy 11:1
2014-06-08T22:34:02+00:00,1/DEU.11.13,Deuteronomy 11:13
2014-06-08T22:35:30+00:00,1/DEU.11.24,Deuteronomy 11:24
2014-06-08T22:35:56+00:00,1/DEU.11.22,Deuteronomy 11:22
2014-06-08T22:37:20+00:00,1/DEU.11.28,Deuteronomy 11:28
2014-06-08T22:41:20+00:00,1/DEU.12.16,Deuteronomy 12:16
2014-06-08T22:43:07+00:00,1/DEU.13.3,Deuteronomy 13:3
2014-06-08T22:52:40+00:00,1/DEU.14.21,Deuteronomy 14:21
2014-06-08T22:56:29+00:00,1/DEU.15.4,Deuteronomy 15:4
2014-06-08T22:57:11+00:00,1/DEU.15.4,Deuteronomy 15:4
2014-06-08T22:58:12+00:00,1/DEU.15.8,Deuteronomy 15:8
2014-06-08T22:59:26+00:00,1/DEU.15.12,Deuteronomy 15:12
2014-06-08T23:00:39+00:00,1/DEU.15.23,Deuteronomy 15:23
2014-06-08T23:02:21+00:00,1/DEU.16.10,Deuteronomy 16:10
2014-06-08T23:03:40+00:00,1/DEU.16.13,Deuteronomy 16:13
2014-06-08T23:18:25+00:00,1/DEU.18.15,Deuteronomy 18:15
2014-06-08T23:20:33+00:00,1/DEU.19.13,Deuteronomy 19:13
2014-06-08T23:22:07+00:00,1/DEU.20.1,Deuteronomy 20:1
2014-06-08T23:33:15+00:00,1/DEU.20.10,Deuteronomy 20:10
2014-06-08T23:34:59+00:00,1/DEU.20.19,Deuteronomy 20:19
2014-06-08T23:36:04+00:00,1/DEU.21.7,Deuteronomy 21:7
2014-06-08T23:42:31+00:00,1/DEU.21.11,Deuteronomy 21:11
2014-06-08T23:46:32+00:00,1/DEU.22.1,Deuteronomy 22:1
2014-06-08T23:47:20+00:00,1/DEU.22.6,Deuteronomy 22:6
2014-06-08T23:55:56+00:00,1/DEU.22.28,Deuteronomy 22:28
2014-06-08T23:57:05+00:00,1/DEU.23.5,Deuteronomy 23:5
2014-06-08T23:59:32+00:00,1/DEU.23.15,Deuteronomy 23:15
2014-06-09T00:04:29+00:00,1/DEU.23.24,Deuteronomy 23:24
2014-06-09T00:13:18+00:00,1/DEU.24.5,Deuteronomy 24:5
2014-06-09T00:18:45+00:00,1/DEU.24.9,Deuteronomy 24:9
2014-06-09T00:19:03+00:00,1/DEU.24.10,Deuteronomy 24:10
2014-06-09T00:19:52+00:00,1/DEU.24.12,Deuteronomy 24:12
2014-06-09T00:20:14+00:00,1/DEU.24.18,Deuteronomy 24:18
2014-06-09T00:21:29+00:00,1/DEU.24.19,Deuteronomy 24:19
2014-06-09T00:24:22+00:00,1/DEU.25.3,Deuteronomy 25:3
2014-06-09T00:24:56+00:00,1/DEU.25.4,Deuteronomy 25:4
2014-06-09T00:53:54+00:00,1/DEU.28.2,Deuteronomy 28:2
2014-06-09T00:55:36+00:00,1/DEU.28.32,Deuteronomy 28:32
2014-06-09T00:57:26+00:00,1/DEU.28.41,Deuteronomy 28:41
2014-06-09T01:00:44+00:00,1/DEU.28.68,Deuteronomy 28:68
2014-06-09T05:30:25+00:00,1/DEU.29.1,Deuteronomy 29:1
2014-06-09T05:36:40+00:00,1/DEU.30.6,Deuteronomy 30:6
2014-06-09T05:38:12+00:00,1/DEU.30.20,Deuteronomy 30:20
2014-06-09T05:39:09+00:00,1/DEU.31.6,Deuteronomy 31:6
2014-06-09T11:45:11+00:00,1/DEU.32.15,Deuteronomy 32:15
2014-06-09T11:49:11+00:00,1/DEU.32.22,Deuteronomy 32:22
2014-06-09T14:42:59+00:00,1/JOS.2.1,Joshua 2:1
2014-06-09T14:50:36+00:00,1/JOS.4.19,Joshua 4:19
2014-06-09T14:53:20+00:00,1/JOS.5.9,Joshua 5:9
2014-06-09T14:54:14+00:00,1/JOS.5.13,Joshua 5:13
2014-06-28T20:27:52.489268+00:00,1/JOS.9.23,Joshua 9:23
2014-06-28T20:42:55.656975+00:00,1/JOS.11.21,Joshua 11:21
2014-06-29T17:02:25.300000+00:00,1/JOS.15.13,Joshua 15:13
2014-06-29T17:03:55.459000+00:00,1/JOS.15.16,Joshua 15:16
2014-06-29T17:08:24.453000+00:00,1/JOS.17.3,Joshua 17:3
2014-06-29T17:11:46.813000+00:00,1/JOS.17.12,Joshua 17:12
2014-06-29T17:29:25.711362+00:00,1/NUM.21.5,Numbers 21:5
2014-06-29T17:36:20.465000+00:00,1/JOS.21.11,Joshua 21:11
2014-06-29T17:39:44.648000+00:00,1/JOS.22.5,Joshua 22:5
2014-06-29T17:52:40.595000+00:00,1/JOS.23.10,Joshua 23:10
2014-06-29T17:53:09.766000+00:00,1/JOS.23.8,Joshua 23:8
2014-06-29T17:54:11.882000+00:00,1/JOS.23.12,Joshua 23:12
2014-06-29T17:54:56.577000+00:00,1/JOS.16.10,Joshua 16:10
2014-06-29T17:55:17.074000+00:00,1/JOS.15.63,Joshua 15:63
2014-06-29T17:56:04.871000+00:00,1/JOS.18.3,Joshua 18:3
2014-06-29T17:59:27.922000+00:00,1/JOS.24.13,Joshua 24:13
2014-06-29T18:00:13.042000+00:00,1/JOS.24.14,Joshua 24:14
2014-06-29T19:37:31.288000+00:00,1/JDG.1.3,Judges 1:3
2014-06-29T20:55:11+00:00,1/JDG.1.18,Judges 1:18
2014-06-29T20:59:37+00:00,1/JDG.1.21,Judges 1:21
2014-06-29T21:02:48+00:00,1/JDG.2.14,Judges 2:14
2014-06-29T21:06:30+00:00,1/JDG.3.3,Judges 3:3
2014-06-30T06:51:19.153000+00:00,1/JDG.4.2,Judges 4:2
2014-06-30T06:52:30.816000+00:00,1/JDG.4.4,Judges 4:4
2014-06-30T06:54:51.944000+00:00,1/JDG.4.9,Judges 4:9
2014-06-30T07:03:35.443000+00:00,1/JDG.4.17,Judges 4:17
2014-06-30T07:08:21.226000+00:00,1/JDG.5.24,Judges 5:24
2014-06-30T15:26:36.960000+00:00,1/JDG.6.24,Judges 6:24
2014-07-01T18:51:16+00:00,1/1CO.14.36,1 Corinthians 14:36
2014-07-06T19:15:01.457000+00:00,1/JDG.6.27,Judges 6:27
2014-07-07T21:42:32.107000+00:00,1/JHN.1.21,John 1:21
2014-07-08T09:14:28.648000+00:00,1/JHN.4.14,John 4:14
2014-07-08T09:14:47.593000+00:00,1/JHN.4.10,John 4:10
2014-07-08T18:15:24.131000+00:00,1/JHN.5.25,John 5:25
2014-07-08T18:16:54.339000+00:00,1/JHN.5.29,John 5:29
2014-07-08T18:23:35.562000+00:00,1/JHN.6.11,John 6:11
2014-07-08T18:26:12.388000+00:00,1/JHN.6.26,John 6:26
2014-07-08T18:27:55.825000+00:00,1/JHN.6.33,John 6:33
2014-07-08T18:29:20.705000+00:00,1/JHN.6.39,John 6:39
2014-07-08T18:31:36.372000+00:00,1/JHN.6.48,John 6:48
2014-07-08T18:32:35.247000+00:00,1/JHN.6.53,John 6:53
2014-07-09T18:24:45.916000+00:00,1/JHN.8.29,John 8:29
2014-07-09T18:25:08.487000+00:00,1/JHN.8.31,John 8:31
2014-07-09T18:26:29.022000+00:00,1/JHN.8.43,John 8:43
2014-07-10T06:54:29+00:00,1/JHN.9.5,John 9:5
2014-07-10T07:05:06+00:00,1/JHN.10.7,John 10:7
2014-07-10T07:08:02+00:00,1/JHN.10.30,John 10:30
2014-07-14T16:49:42.180549+00:00,1/JHN.11.41,John 11:41
2014-07-15T16:57:09.562832+00:00,1/JHN.11.44,John 11:44
2014-07-15T16:58:44.812036+00:00,1/JHN.11.43,John 11:43
2014-07-15T17:12:26.313141+00:00,1/JHN.12.48,John 12:48
2014-07-15T17:15:26.896482+00:00,1/JHN.13.3,John 13:3
2014-07-15T17:17:46.829546+00:00,1/JHN.13.8,John 13:8
2014-07-15T17:19:50.429543+00:00,1/JHN.13.16,John 13:16
2014-07-15T17:24:26.629658+00:00,1/JHN.13.16,John 13:16
2014-07-15T17:25:37.330411+00:00,1/JHN.13.34,John 13:34
2014-07-16T07:48:23.369156+00:00,1/JHN.14.12,John 14:12
2014-07-16T07:49:44.352193+00:00,1/JHN.12.28,John 12:28
2014-07-16T08:00:32.102141+00:00,1/JHN.14.26,John 14:26
2014-07-16T08:02:09.352146+00:00,1/JHN.14.27,John 14:27
2014-07-16T08:04:25.402421+00:00,1/JHN.15.3,John 15:3
2014-07-16T08:05:47.002430+00:00,1/JHN.15.7,John 15:7
2014-07-16T08:07:07.152181+00:00,1/JHN.15.8,John 15:8
2014-07-16T08:09:48.869082+00:00,1/JHN.15.16,John 15:16
2014-07-16T08:11:23.668859+00:00,1/JHN.15.22,John 15:22
2014-07-16T08:15:44.468742+00:00,1/JHN.16.13,John 16:13
2014-07-16T08:17:52.685596+00:00,1/JHN.16.23,John 16:23
2014-07-16T08:19:50.335632+00:00,1/JHN.16.33,John 16:33
2014-07-17T08:31:01.172168+00:00,1/JHN.16.15,John 16:15
2014-07-17T08:34:15.305775+00:00,1/JHN.17.2,John 17:2
2014-07-17T08:35:40.055626+00:00,1/JHN.17.5,John 17:5
2014-07-20T06:42:16.766000+00:00,1/JOB.1.10,Job 1:10
2014-07-20T06:56:32.669000+00:00,1/JOB.5.17,Job 5:17
2014-07-20T07:01:29.044000+00:00,1/JOB.7.3,Job 7:3
2014-07-20T07:08:59.906000+00:00,1/JOB.9.20,Job 9:20
2014-07-20T07:12:40.154000+00:00,1/JOB.11.6,Job 11:6
2014-07-20T07:17:18.248000+00:00,1/JOB.13.18,Job 13:18
2014-07-20T07:21:03.066000+00:00,1/JOB.15.14,Job 15:14
2014-07-20T07:31:40.839000+00:00,1/JOB.19.25,Job 19:25
2014-07-20T07:37:26.989000+00:00,1/JOB.22.3,Job 22:3
2014-07-20T07:40:21.517000+00:00,1/JOB.23.3,Job 23:3
2014-07-20T07:42:08.051000+00:00,1/JOB.23.10,Job 23:10
2014-07-20T07:42:44.433000+00:00,1/JOB.23.12,Job 23:12
2014-07-20T07:44:47.419000+00:00,1/JOB.24.12,Job 24:12
2014-07-20T08:01:06.018000+00:00,1/JOB.25.4,Job 25:4
2014-07-20T08:04:03.755000+00:00,1/JOB.27.6,Job 27:6
2014-07-20T08:08:08.252000+00:00,1/JOB.28.28,Job 28:28
2014-07-20T08:13:15.481000+00:00,1/JOB.31.10,Job 31:10
2014-07-20T08:16:27.496000+00:00,1/JOB.31.35,Job 31:35
2014-07-20T08:16:59.810000+00:00,1/JOB.32.1,Job 32:1
2014-07-20T08:20:34.662000+00:00,1/JOB.33.12,Job 33:12
2014-07-20T08:21:52.127000+00:00,1/JOB.33.24,Job 33:24
2014-07-20T14:48:26.537000+00:00,1/JOB.34.3,Job 34:3
2014-07-20T14:53:43.982000+00:00,1/JOB.35.6,Job 35:6
2014-07-20T15:08:00.051000+00:00,1/JOB.38.31,Job 38:31
2014-07-20T15:08:41.149000+00:00,1/JOB.38.36,Job 38:36
2014-07-20T15:10:20.941000+00:00,1/JOB.39.9,Job 39:9
2014-07-20T15:32:24.131000+00:00,1/JHN.17.6,John 17:6
2014-07-20T15:33:45.058000+00:00,1/JHN.17.9,John 17:9
2014-07-20T15:36:35.106000+00:00,1/JHN.17.12,John 17:12
2014-07-20T15:38:32.059000+00:00,1/JHN.17.20,John 17:20
2014-07-20T15:45:14.085000+00:00,1/JHN.18.37,John 18:37
2014-07-20T16:12:08.877000+00:00,1/JOB.42.13,Job 42:13
2014-07-25T07:16:54.247000+00:00,1/JDG.6.34,Judges 6:34
2014-07-25T18:05:32.873666+00:00,1/ISA.40.29,Isaiah 40:29
2014-09-08T14:09:27.813613+00:00,1/JDG.9.13,Judges 9:13
2014-09-09T14:37:07.460336+00:00,1/JDG.9.53,Judges 9:53
2014-09-09T14:37:35.926919+00:00,1/JDG.9.56,Judges 9:56
2014-09-09T14:40:03.260322+00:00,1/JDG.10.14,Judges 10:14
2014-09-09T14:52:03.610341+00:00,1/JDG.11.29,Judges 11:29
2014-09-09T14:53:39.010227+00:00,1/JDG.11.34,Judges 11:34
2014-09-09T15:09:55.793622+00:00,1/JDG.13.25,Judges 13:25
2014-09-09T15:08:59.412423+00:00,1/JDG.13.23,Judges 13:23
2014-09-09T15:10:25.260178+00:00,1/JDG.13.23,Judges 13:23
2014-09-09T15:15:30.793921+00:00,1/JDG.14.6,Judges 14:6
2014-09-09T15:20:17.393531+00:00,1/JDG.14.19,Judges 14:19
2014-09-10T14:26:47.548730+00:00,1/JDG.15.14,Judges 15:14
2014-09-10T14:37:00.811642+00:00,1/JDG.16.20,Judges 16:20
2014-09-13T16:58:25.716000+00:00,1/JDG.18.9,Judges 18:9
2014-09-14T06:46:19.434000+00:00,1/RUT.4.11,Ruth 4:11
2014-09-14T16:08:36.405000+00:00,1/1SA.2.29,1 Samuel 2:29
2014-09-14T16:22:52.907000+00:00,1/1SA.2.22,1 Samuel 2:22
2014-09-14T16:23:19.933000+00:00,1/1SA.1.5,1 Samuel 1:5
2014-09-14T16:25:46.046000+00:00,1/1SA.2.35,1 Samuel 2:35
2014-09-14T16:26:08.156000+00:00,1/1SA.2.36,1 Samuel 2:36
2014-09-14T16:28:50.161000+00:00,1/1SA.3.1,1 Samuel 3:1
2014-09-14T16:29:49.867000+00:00,1/1SA.3.7,1 Samuel 3:7
2014-09-14T16:35:04.445000+00:00,1/1SA.3.1,1 Samuel 3:1
2014-09-14T16:36:58.175000+00:00,1/1SA.3.10,1 Samuel 3:10
2014-09-15T13:38:43.245000+00:00,1/1SA.5.3,1 Samuel 5:3
2014-10-09T06:45:07.477000+00:00,1/1SA.7.12,1 Samuel 7:12
2014-10-13T05:38:31.641286+00:00,1/1SA.8.15,1 Samuel 8:15
2014-10-14T09:33:55.318000+00:00,1/1SA.10.6,1 Samuel 10:6
2014-10-14T09:34:06.507000+00:00,1/1SA.10.1,1 Samuel 10:1
2014-10-14T09:36:25.349000+00:00,1/1SA.10.10,1 Samuel 10:10
2014-10-21T05:21:57.870000+00:00,1/1SA.12.3,1 Samuel 12:3
2014-10-21T06:23:41.407000+00:00,1/1SA.13.14,1 Samuel 13:14
2014-10-21T06:42:10.499000+00:00,1/1SA.14.45,1 Samuel 14:45
2014-10-21T06:53:25.256000+00:00,1/1SA.15.17,1 Samuel 15:17
2014-10-21T06:55:32.937000+00:00,1/1SA.15.22,1 Samuel 15:22
2014-10-21T07:00:46.814000+00:00,1/1SA.16.7,1 Samuel 16:7
2014-10-21T07:02:46.829000+00:00,1/1SA.16.13,1 Samuel 16:13
2014-10-21T07:03:01.041000+00:00,1/1SA.16.14,1 Samuel 16:14
2014-10-21T07:18:53.155000+00:00,1/1SA.16.20,1 Samuel 16:20
2014-11-10T02:48:03.651152+00:00,1/1SA.17.9,1 Samuel 17:9
2014-11-10T02:56:42.711002+00:00,1/1SA.17.15,1 Samuel 17:15
2014-11-10T03:32:46.450536+00:00,1/1SA.19.2,1 Samuel 19:2
2014-11-10T14:28:49.941000+00:00,1/ROM.1.21,Romans 1:21
2014-11-10T14:30:54.799000+00:00,1/ROM.1.22,Romans 1:22
2014-11-10T14:35:31.898000+00:00,1/ROM.2.3,Romans 2:3
2014-11-10T14:38:06.238000+00:00,1/ROM.2.5,Romans 2:5
2014-11-10T03:42:37.896662+00:00,1/ACT.1.8,Acts 1:8
2014-11-13T08:04:39.758000+00:00,1/ROM.8.4,Romans 8:4
2014-11-13T08:06:05.203000+00:00,1/ROM.8.14,Romans 8:14
2014-11-14T09:15:25.932000+00:00,1/ROM.9.17,Romans 9:17
2014-11-14T09:17:45.738000+00:00,1/ROM.9.27,Romans 9:27
2014-11-17T07:19:42.014000+00:00,1/ROM.9.11,Romans 9:11
2014-11-17T07:49:25.877000+00:00,1/ROM.10.3,Romans 10:3
2014-11-18T07:34:45.465000+00:00,1/ROM.11.15,Romans 11:15
2014-11-18T07:37:00.940000+00:00,1/ROM.11.23,Romans 11:23
2014-11-18T07:40:15.268000+00:00,1/ROM.11.32,Romans 11:32
2014-11-18T07:44:46.321000+00:00,1/ROM.13.1,Romans 13:1
2014-11-18T07:49:25.827000+00:00,1/ROM.14.5,Romans 14:5
2014-11-18T15:29:11.065000+00:00,1/ROM.14.22,Romans 14:22
2014-11-18T15:37:12.691000+00:00,1/ROM.15.1,Romans 15:1
2014-11-18T15:40:45.950000+00:00,1/ROM.15.13,Romans 15:13
2014-11-18T15:43:20.589000+00:00,1/ROM.15.19,Romans 15:19
2014-11-18T15:46:30.193000+00:00,1/ROM.16.1,Romans 16:1
2014-11-18T15:49:52.119000+00:00,1/ROM.16.25,Romans 16:25
2014-11-28T20:20:06.361073+00:00,1/MAT.24.13,Matthew 24:13
2014-12-07T00:26:11.919000+00:00,1/1SA.19.11,1 Samuel 19:11
2014-12-07T00:28:32.534000+00:00,1/1SA.19.20,1 Samuel 19:20
2014-12-15T06:10:10.111000+00:00,1/1SA.20.2,1 Samuel 20:2
2014-12-15T06:38:39.740000+00:00,1/1SA.20.30,1 Samuel 20:30
2014-12-15T06:49:07.494000+00:00,1/1SA.21.13,1 Samuel 21:13
2014-12-15T06:51:01.432000+00:00,1/1SA.22.2,1 Samuel 22:2
2014-12-15T13:03:17.319000+00:00,1/1SA.23.13,1 Samuel 23:13
2014-12-15T13:04:17.789000+00:00,1/1SA.23.18,1 Samuel 23:18
2014-12-15T14:10:15.163000+00:00,1/1SA.25.3,1 Samuel 25:3
2014-12-15T14:11:43.983000+00:00,1/1SA.25.10,1 Samuel 25:10
2014-12-15T14:11:59.732000+00:00,1/1SA.24.20,1 Samuel 24:20
2014-12-15T14:16:10.007000+00:00,1/1SA.25.28,1 Samuel 25:28
2014-12-16T13:14:10.412000+00:00,1/1SA.30.4,1 Samuel 30:4
2014-12-16T13:17:01.501000+00:00,1/1SA.30.10,1 Samuel 30:10
2014-12-16T13:20:41.461000+00:00,1/1SA.30.23,1 Samuel 30:23
2014-12-16T14:26:48.313000+00:00,1/2SA.3.14,2 Samuel 3:14
2014-12-16T14:30:09.933000+00:00,1/2SA.3.36,2 Samuel 3:36
2015-01-08T20:31:58.728000+00:00,1/MAT.2.12,Matthew 2:12
2015-01-08T21:22:19.592000+00:00,1/MAT.5.25,Matthew 5:25
2015-01-08T21:23:42.952000+00:00,1/MAT.5.27,Matthew 5:27
2015-01-08T21:24:48.946000+00:00,1/MAT.5.29,Matthew 5:29
2015-01-08T21:25:11.908000+00:00,1/MAT.5.32,Matthew 5:32
2015-01-09T06:19:48.623000+00:00,1/MAT.6.25,Matthew 6:25
2015-01-09T06:26:47.501000+00:00,1/MAT.7.13,Matthew 7:13
2015-01-09T06:27:24.933000+00:00,1/MAT.7.19,Matthew 7:19
2015-01-09T06:28:05.359000+00:00,1/MAT.7.21,Matthew 7:21
2015-01-09T06:32:48.551000+00:00,1/MAT.8.12,Matthew 8:12
2015-01-11T16:47:55.419996+00:00,1/2SA.4.5,2 Samuel 4:5
2015-01-11T16:48:43.619954+00:00,1/2SA.4.10,2 Samuel 4:10
2015-01-11T16:59:21.519769+00:00,1/2SA.5.13,2 Samuel 5:13
2015-01-11T17:05:24.069908+00:00,1/2SA.6.7,2 Samuel 6:7
2015-01-11T17:12:36.453121+00:00,1/2SA.6.12,2 Samuel 6:12
2015-01-11T17:13:25.186737+00:00,1/2SA.5.12,2 Samuel 5:12
2015-01-11T17:16:39.536517+00:00,1/2SA.6.13,2 Samuel 6:13
2015-01-11T17:18:10.803213+00:00,1/2SA.6.21,2 Samuel 6:21
2015-01-11T17:21:56.420059+00:00,1/2SA.7.14,2 Samuel 7:14
2015-01-11T17:30:24.453176+00:00,1/2SA.9.1,2 Samuel 9:1
2015-01-11T17:32:01.903141+00:00,1/2SA.9.7,2 Samuel 9:7
2015-01-11T17:43:46.369840+00:00,1/2SA.11.4,2 Samuel 11:4
2015-01-11T17:47:32.119876+00:00,1/2SA.11.21,2 Samuel 11:21
2015-01-11T17:50:28.286489+00:00,1/2SA.12.5,2 Samuel 12:5
2015-01-11T17:54:42.703203+00:00,1/2SA.12.11,2 Samuel 12:11
2015-01-11T18:03:36.399432+00:00,1/2SA.12.20,2 Samuel 12:20
2015-01-11T18:05:21.482781+00:00,1/2SA.12.22,2 Samuel 12:22
2015-01-11T18:16:18.732655+00:00,1/2SA.13.12,2 Samuel 13:12
2015-01-11T18:22:54.999362+00:00,1/2SA.13.16,2 Samuel 13:16
2015-01-11T18:23:48.082795+00:00,1/2SA.13.19,2 Samuel 13:19
2015-01-11T18:30:44.432599+00:00,1/2SA.14.2,2 Samuel 14:2
2015-01-11T19:11:47.864943+00:00,1/MAT.9.5,Matthew 9:5
2015-01-11T19:12:55.531365+00:00,1/MAT.9.8,Matthew 9:8
2015-01-11T19:17:51.881355+00:00,1/MAT.9.14,Matthew 9:14
2015-01-11T19:18:50.181329+00:00,1/MAT.9.20,Matthew 9:20
2015-01-11T19:20:10.031273+00:00,1/MAT.9.24,Matthew 9:24
2015-01-11T19:22:19.398116+00:00,1/MAT.9.35,Matthew 9:35
2015-01-11T19:24:20.181442+00:00,1/MAT.9.37,Matthew 9:37
2015-01-12T16:03:57.727397+00:00,1/MAT.10.1,Matthew 10:1
2015-01-12T16:05:38.442892+00:00,1/MAT.10.7,Matthew 10:7
2015-01-12T16:07:21.192812+00:00,1/MAT.10.15,Matthew 10:15
2015-01-12T16:08:12.192662+00:00,1/MAT.10.19,Matthew 10:19
2015-01-12T16:10:10.442785+00:00,1/MAT.10.22,Matthew 10:22
2015-01-12T16:12:30.109367+00:00,1/MAT.10.26,Matthew 10:26
2015-01-12T16:19:41.592674+00:00,1/MAT.10.28,Matthew 10:28
2015-01-12T16:24:05.376057+00:00,1/MAT.10.32,Matthew 10:32
2015-01-12T16:26:27.909274+00:00,1/MAT.10.39,Matthew 10:39
2015-01-12T16:28:22.759906+00:00,1/MAT.10.34,Matthew 10:34
2015-01-12T16:33:27.492627+00:00,1/MAT.11.5,Matthew 11:5
2015-01-12T16:34:57.343311+00:00,1/MAT.11.11,Matthew 11:11
2015-01-13T09:09:00.348741+00:00,1/MAT.11.22,Matthew 11:22
2015-01-13T09:10:57.916115+00:00,1/MAT.11.28,Matthew 11:28
2015-01-13T23:19:57.955428+00:00,1/MAT.12.31,Matthew 12:31
2015-01-13T23:23:58.255195+00:00,1/MAT.12.36,Matthew 12:36
2015-01-13T23:27:23.855415+00:00,1/MAT.12.41,Matthew 12:41
2015-01-13T23:30:07.888270+00:00,1/MAT.12.50,Matthew 12:50
2015-01-14T06:55:36.360647+00:00,1/MAT.12.25,Matthew 12:25
2015-01-14T07:05:30.460623+00:00,1/MAT.12.28,Matthew 12:28
2015-01-14T07:33:39.604594+00:00,1/MAT.13.12,Matthew 13:12
2015-01-14T07:44:01.756514+00:00,1/MAT.13.40,Matthew 13:40
2015-01-14T15:44:16.917622+00:00,1/MAT.13.47,Matthew 13:47
2015-01-14T15:45:42.682703+00:00,1/MAT.13.58,Matthew 13:58
2015-01-15T07:25:29.027000+00:00,59/2SA.6.20,2 Samuel 6:20
2015-01-15T07:28:34.223000+00:00,59/1CH.1.10,1 Chronicles 1:10
2015-01-15T07:33:41.103000+00:00,1/MAT.13.33,Matthew 13:33
2015-01-15T07:37:17.998000+00:00,1/MAT.14.6,Matthew 14:6
2015-01-15T15:57:30.149631+00:00,1/MAT.15.8,Matthew 15:8
2015-01-15T15:59:31.447250+00:00,1/MAT.15.11,Matthew 15:11
2015-01-15T16:04:05.580769+00:00,1/MAT.15.28,Matthew 15:28
2015-01-16T06:51:05.510962+00:00,1/2SA.14.25,2 Samuel 14:25
2015-01-16T06:52:05.877582+00:00,1/2SA.14.27,2 Samuel 14:27
2015-01-16T06:54:58.744310+00:00,1/2SA.15.6,2 Samuel 15:6
2015-01-16T07:00:57.293236+00:00,1/2SA.15.25,2 Samuel 15:25
2015-01-16T07:08:03.944191+00:00,1/2SA.15.32,2 Samuel 15:32
2015-01-16T07:12:07.977620+00:00,1/2SA.16.12,2 Samuel 16:12
2015-01-16T07:14:32.127538+00:00,1/2SA.16.23,2 Samuel 16:23
2015-01-16T07:18:31.177914+00:00,1/2SA.17.19,2 Samuel 17:19
2015-01-16T07:25:19.927704+00:00,1/MAT.16.11,Matthew 16:11
2015-01-16T13:18:31.399000+00:00,1/2SA.18.9,2 Samuel 18:9
2015-01-16T13:22:49.510000+00:00,1/2SA.18.18,2 Samuel 18:18
2015-01-16T13:48:07.944000+00:00,1/MAT.16.19,Matthew 16:19
2015-01-16T13:49:38.858000+00:00,1/MAT.16.26,Matthew 16:26
2015-01-16T13:50:29.123000+00:00,1/MAT.16.27,Matthew 16:27
2015-01-16T13:55:20.012000+00:00,1/MAT.17.20,Matthew 17:20
2015-01-16T13:57:27.038000+00:00,1/MAT.17.26,Matthew 17:26
2015-01-17T21:29:25.405000+00:00,1/MAT.18.4,Matthew 18:4
2015-01-17T21:30:21.778000+00:00,1/MAT.18.8,Matthew 18:8
2015-01-17T21:34:07.326000+00:00,1/MAT.18.13,Matthew 18:13
2015-01-17T21:34:33.815000+00:00,1/MAT.18.14,Matthew 18:14
2015-01-17T21:36:34.385000+00:00,1/MAT.18.18,Matthew 18:18
2015-01-17T21:39:08.647000+00:00,1/MAT.18.34,Matthew 18:34
2015-01-17T21:52:19.577000+00:00,1/MAT.18.3,Matthew 18:3
2015-01-19T14:07:42.042474+00:00,1/MAT.19.9,Matthew 19:9
2015-01-19T14:10:23.925592+00:00,1/MAT.19.14,Matthew 19:14
2015-01-19T14:11:31.258898+00:00,1/MAT.19.12,Matthew 19:12
2015-01-19T14:14:17.376091+00:00,1/MAT.19.16,Matthew 19:16
2015-01-19T14:17:47.725660+00:00,1/MAT.19.30,Matthew 19:30
2015-01-19T14:20:39.775862+00:00,1/MAT.20.16,Matthew 20:16
2015-01-19T14:23:55.442228+00:00,1/MAT.20.26,Matthew 20:26
2015-01-21T15:48:57.903000+00:00,1/2SA.20.16,2 Samuel 20:16
2015-01-21T16:01:01.505000+00:00,1/2SA.21.7,2 Samuel 21:7
2015-01-21T16:31:31.289000+00:00,1/2SA.21.8,2 Samuel 21:8
2015-01-21T16:40:45.031000+00:00,1/2SA.21.8,2 Samuel 21:8
2015-01-21T16:43:50.220000+00:00,1/2SA.21.16,2 Samuel 21:16
2015-01-21T16:45:21.729000+00:00,1/2SA.21.18,2 Samuel 21:18
2015-01-21T16:46:27.499000+00:00,1/2SA.22.6,2 Samuel 22:6
2015-01-21T19:53:15.541000+00:00,1/2SA.22.21,2 Samuel 22:21
2015-01-22T15:21:11.847000+00:00,1/2SA.23.2,2 Samuel 23:2
2015-01-22T15:26:06.952000+00:00,1/2SA.23.6,2 Samuel 23:6
2015-01-22T15:32:26.731000+00:00,1/2SA.23.17,2 Samuel 23:17
2015-01-22T15:35:33.451000+00:00,1/2SA.24.1,2 Samuel 24:1
2015-01-22T15:39:07.831000+00:00,1/2SA.24.14,2 Samuel 24:14
2015-01-22T15:42:53.478000+00:00,1/2SA.24.17,2 Samuel 24:17
2015-01-24T18:01:14.658000+00:00,1/1KI.1.3,1 Kings 1:3
2015-01-24T18:23:26.593000+00:00,1/1KI.1.39,1 Kings 1:39
2015-01-24T18:33:27.755000+00:00,1/1KI.1.50,1 Kings 1:50
2015-01-24T18:36:12.959000+00:00,1/1KI.2.19,1 Kings 2:19
2015-01-24T18:37:53.902000+00:00,1/1KI.2.27,1 Kings 2:27
2015-01-24T18:40:45.143000+00:00,1/1KI.2.39,1 Kings 2:39
2015-01-24T18:51:12.555000+00:00,1/1KI.3.1,1 Kings 3:1
2015-01-24T18:51:43.909000+00:00,1/1KI.3.3,1 Kings 3:3
2015-01-24T18:53:16.962000+00:00,1/1KI.3.9,1 Kings 3:9
2015-01-24T18:54:18.173000+00:00,1/1KI.3.11,1 Kings 3:11
2015-01-24T18:58:11.467000+00:00,1/1KI.3.16,1 Kings 3:16
2015-01-24T19:52:50.459000+00:00,1/1KI.4.11,1 Kings 4:11
2015-01-24T19:54:47.310000+00:00,1/1KI.4.15,1 Kings 4:15
2015-01-24T20:06:56.317000+00:00,1/1KI.7.14,1 Kings 7:14
2015-01-24T20:29:19.604000+00:00,1/MAT.21.19,Matthew 21:19
2015-01-24T20:30:26.074000+00:00,1/MAT.21.22,Matthew 21:22
2015-01-24T20:31:56.213000+00:00,1/MAT.21.24,Matthew 21:24
2015-01-24T20:34:50.514000+00:00,1/MAT.21.28,Matthew 21:28
2015-01-24T20:36:48.673000+00:00,1/MAT.21.44,Matthew 21:44
2015-01-24T20:39:15.294000+00:00,1/MAT.22.13,Matthew 22:13
2015-01-24T21:11:19.360000+00:00,1/MAT.22.14,Matthew 22:14
2015-01-24T21:12:36.837000+00:00,1/MAT.22.21,Matthew 22:21
2015-01-24T21:45:02.849000+00:00,1/MAT.22.45,Matthew 22:45
2015-01-25T17:58:50.290000+00:00,1/MAT.23.7,Matthew 23:7
2015-01-25T18:06:29.540000+00:00,1/MAT.23.23,Matthew 23:23
2015-01-25T18:11:31.179000+00:00,1/MAT.23.24,Matthew 23:24
2015-01-25T18:16:19.169000+00:00,1/MAT.23.13,Matthew 23:13
2015-01-25T18:19:26.284000+00:00,1/MAT.23.4,Matthew 23:4
2015-01-25T18:21:15.951000+00:00,1/MAT.23.31,Matthew 23:31
2015-01-25T18:34:14.578000+00:00,1/MAT.23.37,Matthew 23:37
2015-01-25T21:40:19.733000+00:00,1/MAT.24.22,Matthew 24:22
2015-01-25T21:41:14.988000+00:00,1/MAT.24.24,Matthew 24:24
2015-01-25T22:07:42.825000+00:00,1/MAT.24.51,Matthew 24:51
2015-01-25T22:10:46.709000+00:00,1/MAT.25.29,Matthew 25:29
2015-01-25T22:11:15.571000+00:00,1/MAT.25.30,Matthew 25:30
2015-01-25T22:13:00.799000+00:00,1/MAT.25.41,Matthew 25:41
2015-01-25T22:13:42.858000+00:00,1/MAT.25.46,Matthew 25:46
2015-01-25T22:14:26.184000+00:00,1/MAT.25.33,Matthew 25:33
2015-01-25T22:40:55.581000+00:00,1/MAT.26.28,Matthew 26:28
2015-01-25T22:43:11.325000+00:00,1/MAT.26.33,Matthew 26:33
2015-01-25T22:45:46.189000+00:00,1/MAT.26.52,Matthew 26:52
2015-01-28T15:13:57.570033+00:00,1/MAT.26.69,Matthew 26:69
2015-01-28T15:18:03.686908+00:00,1/MAT.27.6,Matthew 27:6
2015-01-28T15:21:11.219851+00:00,1/MAT.27.19,Matthew 27:19
2015-02-08T22:46:51.285878+00:00,1/PSA.1.2,Psalms 1:2
2015-02-08T22:47:29.602255+00:00,1/PSA.1.3,Psalms 1:3
2015-02-08T22:50:48.085744+00:00,1/PSA.4.8,Psalms 4:8
2015-02-08T22:53:10.136156+00:00,1/PSA.6.8,Psalms 6:8
2015-02-15T21:11:02.348000+00:00,1/MAT.27.25,Matthew 27:25
2015-02-15T21:20:58.762000+00:00,1/MAT.28.20,Matthew 28:20
2015-02-15T21:21:19.071000+00:00,1/MAT.28.18,Matthew 28:18
2015-03-06T08:06:59.961000+00:00,1/1CO.7.5,1 Corinthians 7:5
2015-04-13T07:48:53.952000+00:00,1/1CO.10.24,1 Corinthians 10:24
2015-06-14T05:36:39.702665+00:00,1/1CO.7.14,1 Corinthians 7:14
2015-06-14T16:49:50.111307+00:00,1/1CO.15.18,1 Corinthians 15:18
2015-06-14T16:52:09.626325+00:00,1/1CO.15.22,1 Corinthians 15:22
2015-06-14T17:08:22+00:00,1/1CO.15.50,1 Corinthians 15:50
2015-06-14T17:09:50+00:00,1/1CO.15.56,1 Corinthians 15:56
2015-06-14T17:10:58+00:00,1/1CO.16.2,1 Corinthians 16:2
2015-06-14T17:37:42+00:00,1/2CO.1.21,2 Corinthians 1:21
2015-06-14T17:42:44+00:00,1/2CO.3.6,2 Corinthians 3:6
2015-06-14T17:44:11+00:00,1/2CO.3.17,2 Corinthians 3:17
2015-06-14T17:48:19+00:00,1/2CO.3.18,2 Corinthians 3:18
2015-06-14T17:49:34+00:00,1/2CO.4.3,2 Corinthians 4:3
2015-06-14T17:50:11+00:00,1/2CO.4.4,2 Corinthians 4:4
2015-06-14T18:00:36+00:00,1/2CO.4.16,2 Corinthians 4:16
2015-06-14T16:53:01.442507+00:00,1/1CO.15.26,1 Corinthians 15:26
2015-09-18T12:05:23+00:00,1/1KI.12.8,1 Kings 12:8
2015-09-18T12:07:18+00:00,1/1KI.12.15,1 Kings 12:15
2015-09-18T12:20:17+00:00,1/1KI.13.18,1 Kings 13:18
2015-09-18T12:27:27+00:00,1/1KI.14.2,1 Kings 14:2
2015-09-18T12:35:56+00:00,1/1KI.15.5,1 Kings 15:5
2015-09-18T12:37:06+00:00,1/1KI.15.13,1 Kings 15:13
2015-09-18T20:57:37+00:00,1/1KI.16.31,1 Kings 16:31
2015-09-20T14:03:44+00:00,1/1KI.17.2,1 Kings 17:2
2015-09-20T14:06:01+00:00,1/1KI.17.9,1 Kings 17:9
2015-09-20T14:09:56+00:00,1/1KI.17.22,1 Kings 17:22
2015-09-20T14:10:31+00:00,1/1KI.18.1,1 Kings 18:1
2015-09-21T05:25:24+00:00,1/1KI.18.31,1 Kings 18:31
2015-09-21T15:49:27+00:00,1/1KI.19.9,1 Kings 19:9
2015-09-21T18:18:19+00:00,1/1KI.20.35,1 Kings 20:35
2015-09-21T18:20:56+00:00,1/1KI.20.40,1 Kings 20:40
2015-09-22T13:47:49+00:00,1/1KI.21.28,1 Kings 21:28
2015-09-22T13:51:02+00:00,1/1KI.22.5,1 Kings 22:5
2015-09-22T14:09:34+00:00,1/2KI.2.9,2 Kings 2:9
2015-09-22T14:14:34+00:00,1/2KI.2.23,2 Kings 2:23
2015-09-22T14:15:17+00:00,1/2KI.1.8,2 Kings 1:8
2015-09-22T14:23:35+00:00,1/2KI.3.15,2 Kings 3:15
2015-09-22T14:27:08+00:00,1/2KI.3.22,2 Kings 3:22
2015-09-22T14:27:38+00:00,1/2KI.4.1,2 Kings 4:1
2015-09-22T14:30:24+00:00,1/2KI.4.8,2 Kings 4:8
2015-09-22T14:32:47+00:00,1/2KI.4.16,2 Kings 4:16
2015-09-22T14:52:50+00:00,1/2KI.5.3,2 Kings 5:3
2015-09-22T16:47:52+00:00,1/2KI.7.4,2 Kings 7:4
2015-09-22T16:48:58+00:00,1/2KI.7.6,2 Kings 7:6
2015-09-22T17:00:07+00:00,1/2KI.8.18,2 Kings 8:18
2015-09-22T17:06:51+00:00,1/2KI.9.6,2 Kings 9:6
2015-09-22T17:11:24+00:00,1/2KI.9.26,2 Kings 9:26
2015-09-22T17:44:24+00:00,1/2KI.9.24,2 Kings 9:24
2015-09-22T17:51:15+00:00,1/2KI.9.29,2 Kings 9:29
2015-09-22T18:03:33+00:00,1/2KI.11.1,2 Kings 11:1
2015-09-22T18:04:23+00:00,1/2KI.11.2,2 Kings 11:2
2015-09-22T18:24:27+00:00,1/2KI.13.21,2 Kings 13:21
2015-09-23T05:07:50+00:00,1/2KI.20.4,2 Kings 20:4
2015-09-23T05:17:04+00:00,1/2KI.22.14,2 Kings 22:14
2015-09-23T05:23:06+00:00,1/2KI.23.25,2 Kings 23:25
2015-09-23T05:27:34+00:00,1/2KI.18.5,2 Kings 18:5
2015-09-23T05:27:34+00:00,1/2KI.18.5,2 Kings 18:5
2015-09-23T14:23:16+00:00,1/1CH.2.35,1 Chronicles 2:35
2015-09-23T17:49:54+00:00,1/1CH.5.26,1 Chronicles 5:26
2015-09-23T18:03:34+00:00,1/1CH.7.24,1 Chronicles 7:24
2015-09-23T18:39:50+00:00,1/1CH.10.14,1 Chronicles 10:14
2015-09-23T18:42:42+00:00,1/1CH.11.19,1 Chronicles 11:19
2015-09-23T18:47:21+00:00,1/1CH.12.32,1 Chronicles 12:32
2015-09-23T18:52:56+00:00,1/1CH.14.15,1 Chronicles 14:15
2015-09-23T19:01:14+00:00,1/1CH.17.3,1 Chronicles 17:3
2015-09-23T19:02:34+00:00,1/1CH.17.12,1 Chronicles 17:12
2015-09-23T19:05:57+00:00,1/1CH.18.13,1 Chronicles 18:13
2015-09-23T19:12:22+00:00,1/1CH.21.13,1 Chronicles 21:13
2015-09-23T19:15:59+00:00,1/1CH.22.8,1 Chronicles 22:8
2015-09-23T19:16:33+00:00,1/1CH.22.9,1 Chronicles 22:9
2015-09-23T19:17:24+00:00,1/1CH.22.10,1 Chronicles 22:10
2015-09-23T19:18:36+00:00,1/1CH.22.19,1 Chronicles 22:19
2015-09-25T12:36:24+00:00,1/1CH.26.10,1 Chronicles 26:10
2015-09-25T12:52:38+00:00,1/1CH.27.23,1 Chronicles 27:23
2015-09-25T13:01:24+00:00,1/1CH.28.20,1 Chronicles 28:20
2015-09-25T13:03:30+00:00,1/1CH.29.9,1 Chronicles 29:9
2015-09-25T15:20:09+00:00,1/2CH.1.11,2 Chronicles 1:11
2015-09-25T15:30:37+00:00,1/2CH.2.17,2 Chronicles 2:17
2015-09-25T15:41:34+00:00,1/2CH.7.2,2 Chronicles 7:2
2015-09-25T15:43:29+00:00,1/2CH.5.13,2 Chronicles 5:13
2015-09-28T15:14:17+00:00,1/2CH.9.1,2 Chronicles 9:1
2015-09-28T15:15:14+00:00,1/2CH.9.4,2 Chronicles 9:4
2015-09-28T19:33:58+00:00,1/2CH.10.15,2 Chronicles 10:15
2015-09-29T11:51:05+00:00,1/2CH.11.21,2 Chronicles 11:21
2015-09-29T11:58:33+00:00,1/2CH.12.13,2 Chronicles 12:13
2015-09-29T12:06:13+00:00,1/2CH.15.1,2 Chronicles 15:1
2015-11-03T19:14:07.330780+00:00,1/2CH.8.9,2 Chronicles 8:9
2015-11-07T15:14:21.865444+00:00,1/2CH.9.1,2 Chronicles 9:1
2015-11-07T17:04:35.011762+00:00,1/2CH.9.10,2 Chronicles 9:10
2015-11-07T17:05:29.954694+00:00,1/2CH.10.2,2 Chronicles 10:2
2015-11-07T17:08:34.403329+00:00,1/2CH.10.15,2 Chronicles 10:15
2015-11-12T19:16:55.758159+00:00,1/2CH.10.15,2 Chronicles 10:15
2015-11-12T19:32:55.221989+00:00,1/2CH.13.2,2 Chronicles 13:2
2015-11-24T02:20:32.650819+00:00,1/2CH.15.3,2 Chronicles 15:3
2015-11-24T02:30:29.843257+00:00,1/2CH.16.7,2 Chronicles 16:7
2015-11-24T02:33:36.975096+00:00,1/2CH.16.7,2 Chronicles 16:7
2016-01-21T15:01:34.421192+00:00,1/2CH.18.18,2 Chronicles 18:18
2016-01-21T15:04:23.171267+00:00,1/2CH.19.7,2 Chronicles 19:7
2016-01-21T15:09:46.151569+00:00,1/2CH.20.14,2 Chronicles 20:14
2016-01-21T15:22:13.117959+00:00,1/2CH.22.11,2 Chronicles 22:11
2016-01-21T15:26:06.118313+00:00,1/2CH.22.10,2 Chronicles 22:10
2016-01-22T11:02:53.794125+00:00,1/2CH.24.4,2 Chronicles 24:4
2016-01-22T11:05:42.160584+00:00,1/2CH.25.2,2 Chronicles 25:2
2016-01-22T12:21:37.829368+00:00,1/2CH.30.18,2 Chronicles 30:18
2016-01-22T12:25:24.062946+00:00,1/2CH.31.6,2 Chronicles 31:6
2016-01-22T12:28:59.796213+00:00,1/2CH.32.8,2 Chronicles 32:8
2016-01-22T12:56:39.092289+00:00,1/EZR.1.1,Ezra 1:1
2016-01-26T16:26:25.517653+00:00,1/EZR.7.27,Ezra 7:27
2016-01-26T16:34:00.039605+00:00,1/EZR.8.22,Ezra 8:22
2016-01-27T12:07:29.347436+00:00,1/NEH.1.11,Nehemiah 1:11
2016-01-27T12:16:54.980484+00:00,1/NEH.2.12,Nehemiah 2:12
2016-01-27T13:34:26.648111+00:00,1/NEH.5.5,Nehemiah 5:5
2016-01-27T13:40:04.894011+00:00,1/NEH.5.11,Nehemiah 5:11
2016-01-27T14:01:09.546961+00:00,1/NEH.6.11,Nehemiah 6:11
2016-01-27T14:57:58.038757+00:00,1/NEH.8.9,Nehemiah 8:9
2016-01-27T15:04:35.855933+00:00,1/NEH.9.20,Nehemiah 9:20
2016-01-27T15:08:40.688019+00:00,1/NEH.9.38,Nehemiah 9:38
2016-01-27T15:28:33.922744+00:00,1/NEH.13.5,Nehemiah 13:5
2016-01-27T15:30:56.855954+00:00,1/NEH.13.12,Nehemiah 13:12
2016-01-27T15:36:50.667127+00:00,1/NEH.13.26,Nehemiah 13:26
2016-01-28T13:38:17.119180+00:00,1/EST.1.6,Esther 1:6
2016-01-28T13:48:35.674786+00:00,1/EST.2.9,Esther 2:9
2016-01-28T13:49:25.825673+00:00,1/EST.2.7,Esther 2:7
2016-01-28T13:55:30.138952+00:00,1/EST.2.20,Esther 2:20
2016-01-28T14:09:09.668082+00:00,1/EST.4.14,Esther 4:14
2016-01-28T14:16:07.524437+00:00,1/EST.5.14,Esther 5:14
2016-01-28T14:24:38.250756+00:00,1/EST.7.4,Esther 7:4
2016-01-28T14:27:21.133991+00:00,1/EST.6.13,Esther 6:13
2016-01-28T14:30:56.934221+00:00,1/EST.8.15,Esther 8:15
2016-01-28T14:42:52.684170+00:00,1/PSA.9.14,Psalms 9:14
2016-01-28T14:50:52.315330+00:00,1/PSA.16.10,Psalms 16:10
2016-01-28T14:55:27.048328+00:00,1/PSA.18.5,Psalms 18:5
2016-01-28T14:58:51.548649+00:00,1/PSA.18.32,Psalms 18:32
2016-01-28T15:00:57.448557+00:00,1/PSA.19.2,Psalms 19:2
2016-01-28T15:10:53.397027+00:00,1/PSA.20.7,Psalms 20:7
2016-01-28T15:13:55.346575+00:00,1/PSA.22.18,Psalms 22:18
2016-01-29T15:28:42.098784+00:00,1/PSA.32.1,Psalms 32:1
2016-01-29T15:40:30.860484+00:00,1/PSA.33.16,Psalms 33:16
2016-01-29T15:42:51.259890+00:00,1/PSA.34.20,Psalms 34:20
2016-01-29T15:44:48.293603+00:00,1/PSA.34.19,Psalms 34:19
2016-01-29T15:51:17.143852+00:00,1/PSA.37.4,Psalms 37:4
2016-01-29T15:55:15.027028+00:00,1/PSA.37.25,Psalms 37:25
2016-01-29T15:59:25.194599+00:00,1/PSA.37.39,Psalms 37:39
2016-01-29T16:04:33.310507+00:00,1/PSA.40.3,Psalms 40:3
2016-01-29T16:05:25.893530+00:00,1/PSA.40.6,Psalms 40:6
2016-01-29T16:10:09.609201+00:00,1/PSA.40.17,Psalms 40:17
2016-01-29T16:29:50.184327+00:00,1/PSA.41.9,Psalms 41:9
2016-01-29T16:35:23.967130+00:00,1/PSA.44.3,Psalms 44:3
2016-01-29T16:39:59.326677+00:00,1/PSA.45.9,Psalms 45:9
2016-01-30T13:15:08.018486+00:00,1/PSA.46.10,Psalms 46:10
2016-01-30T13:41:40.366899+00:00,1/PSA.51.5,Psalms 51:5
2016-01-30T13:55:16.676577+00:00,1/PSA.56.8,Psalms 56:8
2016-01-30T13:56:21.076520+00:00,1/PSA.56.13,Psalms 56:13
2016-01-30T14:09:34.150195+00:00,1/PSA.60.11,Psalms 60:11
2016-01-30T14:18:01.351068+00:00,1/PSA.66.12,Psalms 66:12
2016-01-30T14:39:56.802650+00:00,1/PSA.69.20,Psalms 69:20
2016-01-30T14:40:36.802145+00:00,1/PSA.69.3,Psalms 69:3
2016-01-30T14:41:04.453021+00:00,1/PSA.69.21,Psalms 69:21
2016-02-01T15:31:02.912938+00:00,1/PSA.69.28,Psalms 69:28
2016-02-01T15:31:44.363004+00:00,1/PSA.69.30,Psalms 69:30
2016-02-01T15:57:54.573417+00:00,1/PSA.77.1,Psalms 77:1
2016-02-01T16:05:23.723649+00:00,1/PSA.78.63,Psalms 78:63
2016-02-01T16:10:33.748104+00:00,1/PSA.81.12,Psalms 81:12
2016-02-01T16:18:41.012723+00:00,1/PSA.86.13,Psalms 86:13
2016-02-02T20:55:09.985766+00:00,1/PSA.98.9,Psalms 98:9
2016-02-02T21:01:11.686325+00:00,1/PSA.103.6,Psalms 103:6
2016-02-02T21:01:42.085865+00:00,1/PSA.103.3,Psalms 103:3
2016-02-02T21:03:32.352742+00:00,1/PSA.103.9,Psalms 103:9
2016-02-02T21:05:14.385135+00:00,1/PSA.103.10,Psalms 103:10
2016-02-02T21:06:04.102388+00:00,1/PSA.103.14,Psalms 103:14
2016-02-02T21:08:26.535802+00:00,1/PSA.104.2,Psalms 104:2
2016-02-03T14:22:09.744915+00:00,1/PSA.104.30,Psalms 104:30
2016-02-03T14:39:24.993636+00:00,1/PSA.107.9,Psalms 107:9
2016-02-03T14:41:00.349964+00:00,1/PSA.107.20,Psalms 107:20
2016-02-03T14:42:41.634375+00:00,1/PSA.107.33,Psalms 107:33
2016-02-06T14:57:55.913735+00:00,1/PSA.109.17,Psalms 109:17
2016-02-06T14:59:52.497169+00:00,1/PSA.109.31,Psalms 109:31
2016-02-06T15:06:36.947209+00:00,1/PSA.112.7,Psalms 112:7
2016-02-06T15:12:42.638242+00:00,1/PSA.118.6,Psalms 118:6
2016-02-06T15:15:21.955216+00:00,1/PSA.118.8,Psalms 118:8
2016-02-06T15:17:52.668878+00:00,1/PSA.119.11,Psalms 119:11
2016-02-06T15:27:12.985951+00:00,1/PSA.119.98,Psalms 119:98
2016-02-06T15:28:06.419748+00:00,1/PSA.119.103,Psalms 119:103
2016-02-06T15:39:17.029928+00:00,1/PSA.121.2,Psalms 121:2
2016-02-06T15:45:53.529023+00:00,1/PSA.127.2,Psalms 127:2
2016-02-06T15:47:38.695629+00:00,1/PSA.128.6,Psalms 128:6
2016-02-08T13:52:07.631379+00:00,1/PSA.135.15,Psalms 135:15
2016-02-08T13:56:03.998108+00:00,1/PSA.137.8,Psalms 137:8
2016-02-08T13:57:44.764059+00:00,1/PSA.139.7,Psalms 139:7
2016-02-08T13:58:22.547424+00:00,1/PSA.139.11,Psalms 139:11
2016-02-08T14:00:16.365228+00:00,1/PSA.139.17,Psalms 139:17
2016-02-08T14:01:45.547439+00:00,1/PSA.139.24,Psalms 139:24
2016-02-08T14:10:33.714690+00:00,1/PSA.143.2,Psalms 143:2
2016-02-08T14:11:23.397458+00:00,1/PSA.143.8,Psalms 143:8
2016-02-08T14:18:12.031996+00:00,1/PSA.145.16,Psalms 145:16
2016-02-08T14:22:23.127911+00:00,1/PSA.147.15,Psalms 147:15
2016-02-08T14:27:59.913154+00:00,1/PSA.149.4,Psalms 149:4
2016-02-08T14:31:32.279804+00:00,1/PRO.1.23,Proverbs 1:23
2016-02-08T14:35:01.795618+00:00,1/PRO.3.8,Proverbs 3:8
2016-02-08T14:36:32.696025+00:00,1/PRO.3.24,Proverbs 3:24
2016-02-08T14:37:25.013444+00:00,1/PRO.3.25,Proverbs 3:25
2016-02-08T14:38:14.196502+00:00,1/PRO.3.27,Proverbs 3:27
2016-02-08T14:46:30.853344+00:00,1/PRO.6.9,Proverbs 6:9
2016-02-08T14:47:30.317929+00:00,1/PRO.6.22,Proverbs 6:22
2016-02-08T14:49:30.787145+00:00,1/PRO.6.24,Proverbs 6:24
2016-02-09T16:16:44.265074+00:00,1/PRO.7.4,Proverbs 7:4
2016-02-09T16:18:27.518899+00:00,1/PRO.7.27,Proverbs 7:27
2016-02-09T16:26:33.917610+00:00,1/PRO.9.18,Proverbs 9:18
2016-02-09T16:27:53.617070+00:00,1/PRO.10.12,Proverbs 10:12
2016-02-09T16:35:01.967362+00:00,1/PRO.11.17,Proverbs 11:17
2016-02-09T16:36:27.100586+00:00,1/PRO.11.22,Proverbs 11:22
2016-02-09T16:43:35.969455+00:00,1/PRO.13.7,Proverbs 13:7
2016-02-09T16:44:08.352216+00:00,1/PRO.13.11,Proverbs 13:11
2016-02-09T16:50:28.014648+00:00,1/PRO.14.15,Proverbs 14:15
2016-02-12T16:21:46.185091+00:00,1/PRO.15.17,Proverbs 15:17
2016-02-12T16:37:53.315087+00:00,1/PRO.16.2,Proverbs 16:2
2016-02-12T16:45:28.815421+00:00,1/PRO.17.22,Proverbs 17:22
2016-02-12T16:45:51.381887+00:00,1/PRO.17.1,Proverbs 17:1
2016-02-12T16:54:47.781661+00:00,1/PRO.19.17,Proverbs 19:17
2016-02-12T16:55:36.432120+00:00,1/PRO.19.22,Proverbs 19:22
2016-02-12T16:57:26.082179+00:00,1/PRO.20.5,Proverbs 20:5
2016-02-15T15:02:24.947993+00:00,1/PRO.20.27,Proverbs 20:27
2016-02-15T15:03:15.596010+00:00,1/PRO.20.29,Proverbs 20:29
2016-02-15T15:04:14.998430+00:00,1/PRO.21.1,Proverbs 21:1
2016-02-15T15:06:27.193835+00:00,1/PRO.21.9,Proverbs 21:9
2016-02-21T15:07:07.965167+00:00,1/PRO.21.19,Proverbs 21:19
2016-02-21T15:16:02.214541+00:00,1/PRO.23.4,Proverbs 23:4
2016-02-21T15:17:12.347471+00:00,1/PRO.23.9,Proverbs 23:9
2016-02-21T15:18:00.231993+00:00,1/PRO.23.14,Proverbs 23:14
2016-02-21T15:22:31.933250+00:00,1/PRO.24.13,Proverbs 24:13
2016-02-21T15:44:22.595592+00:00,1/PRO.25.25,Proverbs 25:25
2016-02-21T15:49:31.176818+00:00,1/PRO.26.13,Proverbs 26:13
2016-02-21T15:52:06.276479+00:00,1/PRO.27.2,Proverbs 27:2
2016-02-21T15:54:35.976192+00:00,1/PRO.27.5,Proverbs 27:5
2016-02-21T15:55:04.226472+00:00,1/PRO.27.4,Proverbs 27:4
2016-02-21T16:02:17.242885+00:00,1/PRO.27.20,Proverbs 27:20
2016-02-21T16:03:15.608272+00:00,1/PRO.27.24,Proverbs 27:24
2016-02-21T16:04:47.875872+00:00,1/PRO.28.1,Proverbs 28:1
2016-02-21T16:14:41.626500+00:00,1/PRO.28.13,Proverbs 28:13
2016-02-21T16:16:27.826352+00:00,1/PRO.28.20,Proverbs 28:20
2016-02-21T16:17:26.710002+00:00,1/PRO.28.23,Proverbs 28:23
2016-02-21T16:18:26.128190+00:00,1/PRO.28.27,Proverbs 28:27
2016-02-21T16:26:10.557910+00:00,1/PRO.30.8,Proverbs 30:8
2016-02-21T16:28:02.324114+00:00,1/PRO.30.19,Proverbs 30:19
2016-02-21T16:30:56.507202+00:00,1/PRO.31.10,Proverbs 31:10
2016-02-21T16:35:19.224087+00:00,1/ECC.1.18,Ecclesiastes 1:18
2016-02-21T16:39:37.390434+00:00,1/ECC.2.12,Ecclesiastes 2:12
2016-02-22T13:43:47.518134+00:00,1/ECC.7.5,Ecclesiastes 7:5
2016-02-22T14:00:51.225749+00:00,1/ECC.9.11,Ecclesiastes 9:11
2016-02-22T14:11:05.225717+00:00,1/ECC.10.19,Ecclesiastes 10:19
2016-02-22T14:13:10.642831+00:00,1/ECC.11.4,Ecclesiastes 11:4
2016-02-22T14:17:12.142741+00:00,1/ECC.12.7,Ecclesiastes 12:7
2016-02-22T14:23:15.294326+00:00,1/SNG.1.13,Song of Songs 1:13
2016-02-22T14:34:59.595550+00:00,1/SNG.4.9,Song of Songs 4:9
2016-02-22T14:44:59.944572+00:00,1/SNG.6.9,Song of Songs 6:9
2016-02-23T15:39:21.338053+00:00,1/ISA.1.17,Isaiah 1:17
2016-03-09T16:40:54.044200+00:00,1/ISA.3.12,Isaiah 3:12
2016-03-09T16:42:38.918240+00:00,1/ISA.3.24,Isaiah 3:24
2016-03-09T16:43:50.717752+00:00,1/ISA.4.1,Isaiah 4:1
2016-03-09T16:57:29.767637+00:00,1/ISA.5.14,Isaiah 5:14
2016-03-09T17:19:12.893776+00:00,1/ISA.6.13,Isaiah 6:13
2016-03-14T22:26:34.349156+00:00,1/ISA.10.15,Isaiah 10:15
2016-03-14T22:27:36.638140+00:00,1/ISA.10.18,Isaiah 10:18
2016-03-14T22:29:43.137475+00:00,1/ISA.10.27,Isaiah 10:27
2016-03-14T22:30:56.787719+00:00,1/ISA.11.2,Isaiah 11:2
2016-03-14T22:40:19.766489+00:00,1/ISA.11.10,Isaiah 11:10
2016-03-14T22:40:48.448618+00:00,1/ISA.11.9,Isaiah 11:9
2016-03-14T22:42:15.032593+00:00,1/ISA.12.1,Isaiah 12:1
2016-03-14T22:44:29.631748+00:00,1/ISA.13.9,Isaiah 13:9
2016-03-15T15:48:45.210851+00:00,1/ISA.14.9,Isaiah 14:9
2016-03-17T16:00:26.916273+00:00,1/ISA.22.22,Isaiah 22:22
2016-03-18T15:21:52.141905+00:00,1/ISA.23.17,Isaiah 23:17
2016-03-18T15:25:32.075092+00:00,1/ISA.24.9,Isaiah 24:9
2016-03-18T16:03:25.849514+00:00,1/ISA.28.12,Isaiah 28:12
2016-03-18T16:04:25.816539+00:00,1/ISA.28.15,Isaiah 28:15
2016-03-18T16:09:21.933292+00:00,1/GEN.15.15,Genesis 15:15
2016-03-19T15:21:54.496899+00:00,1/ISA.29.13,Isaiah 29:13
2016-03-19T15:22:52.029697+00:00,1/ISA.29.14,Isaiah 29:14
2016-03-19T15:25:35.631228+00:00,1/ISA.30.1,Isaiah 30:1
2016-03-19T15:30:09.463759+00:00,1/ISA.30.21,Isaiah 30:21
2016-03-19T15:34:31.397897+00:00,1/ISA.31.1,Isaiah 31:1
2016-03-19T15:35:26.280394+00:00,1/ISA.31.5,Isaiah 31:5
2016-03-19T15:38:53.163443+00:00,1/ISA.32.15,Isaiah 32:15
2016-03-19T15:41:15.946475+00:00,1/ISA.33.1,Isaiah 33:1
2016-03-19T15:42:58.796838+00:00,1/ISA.33.12,Isaiah 33:12
2016-03-19T15:45:27.563574+00:00,1/ISA.33.24,Isaiah 33:24
2016-03-19T15:56:21.480570+00:00,1/ISA.37.3,Isaiah 37:3
2016-03-19T16:09:58.839411+00:00,1/ISA.40.29,Isaiah 40:29
2016-03-19T16:11:59.955559+00:00,1/ISA.41.8,Isaiah 41:8
2016-03-19T16:22:55.305481+00:00,1/ISA.41.17,Isaiah 41:17
2016-03-19T16:39:44.351932+00:00,1/ISA.41.10,Isaiah 41:10
2016-03-19T16:40:48.851733+00:00,1/ISA.41.14,Isaiah 41:14
2016-03-20T16:51:15.812451+00:00,1/ISA.42.20,Isaiah 42:20
2016-03-20T16:53:20.312161+00:00,1/ISA.43.2,Isaiah 43:2
2016-03-20T16:56:33.162908+00:00,1/ISA.43.19,Isaiah 43:19
2016-03-20T16:58:43.762298+00:00,1/ISA.43.25,Isaiah 43:25
2016-03-20T17:02:05.896153+00:00,1/ISA.44.3,Isaiah 44:3
2016-03-20T17:38:27.952264+00:00,1/ISA.45.1,Isaiah 45:1
2016-03-20T17:39:55.880868+00:00,1/ISA.45.7,Isaiah 45:7
2016-03-20T17:42:53.618679+00:00,1/ISA.45.23,Isaiah 45:23
2016-03-20T17:43:52.098466+00:00,1/ISA.45.17,Isaiah 45:17
2016-03-20T17:46:49.214928+00:00,1/ISA.46.9,Isaiah 46:9
2016-03-20T17:47:44.098541+00:00,1/ISA.46.13,Isaiah 46:13
2016-03-20T17:54:26.465322+00:00,1/ISA.49.8,Isaiah 49:8
2016-03-20T17:57:13.548757+00:00,1/ISA.49.23,Isaiah 49:23
2016-03-20T17:59:52.399162+00:00,1/ISA.50.7,Isaiah 50:7
2016-03-20T18:02:40.782255+00:00,1/ISA.51.12,Isaiah 51:12
2016-03-21T05:40:54.956730+00:00,1/ISA.53.5,Isaiah 53:5
2016-03-21T05:42:14.622968+00:00,1/ISA.53.6,Isaiah 53:6
2016-03-21T05:46:43.338846+00:00,1/ISA.53.11,Isaiah 53:11
2016-03-21T06:19:49.282484+00:00,1/ISA.54.8,Isaiah 54:8
2016-03-21T06:20:51.831822+00:00,1/ISA.54.9,Isaiah 54:9
2016-03-21T06:22:06.932763+00:00,1/ISA.54.10,Isaiah 54:10
2016-03-21T06:24:09.632041+00:00,1/ISA.54.16,Isaiah 54:16
2016-03-21T06:24:36.948718+00:00,1/ISA.54.17,Isaiah 54:17
2016-03-21T06:35:20.315033+00:00,1/ISA.57.19,Isaiah 57:19
2016-04-02T16:29:44.188631+00:00,1/ISA.58.6,Isaiah 58:6
2016-04-02T17:20:38.692644+00:00,1/ISA.60.13,Isaiah 60:13
2016-04-02T17:29:00.893063+00:00,1/ISA.62.4,Isaiah 62:4
2016-04-02T17:38:32.943152+00:00,1/ISA.64.4,Isaiah 64:4
2016-04-02T17:43:56.793072+00:00,1/ISA.65.24,Isaiah 65:24
2016-04-02T17:49:23.976434+00:00,1/ISA.66.9,Isaiah 66:9
2016-04-02T17:50:33.208870+00:00,1/ISA.66.13,Isaiah 66:13
2016-04-02T17:52:14.358639+00:00,1/ISA.66.17,Isaiah 66:17
2016-04-02T17:56:33.733815+00:00,1/ISA.66.24,Isaiah 66:24
2016-04-02T22:45:19.345815+00:00,1/JER.1.2,Jeremiah 1:2
2016-04-02T22:54:41.494165+00:00,1/JER.2.11,Jeremiah 2:11
2016-04-03T16:45:32.901171+00:00,1/JER.3.12,Jeremiah 3:12
2016-04-03T16:51:21.201228+00:00,1/JER.3.16,Jeremiah 3:16
2016-04-03T17:08:17.940255+00:00,1/JER.4.30,Jeremiah 4:30
2016-04-14T00:22:21.269860+00:00,1/JER.6.16,Jeremiah 6:16
2016-04-30T15:29:30+00:00,1/JER.10.10,Jeremiah 10:10
2016-05-01T15:08:12+00:00,1/JER.10.19,Jeremiah 10:19
2016-05-02T15:55:07+00:00,1/JER.17.5,Jeremiah 17:5
2016-05-02T16:19:46+00:00,1/JER.22.13,Jeremiah 22:13
2016-05-04T15:04:32+00:00,1/JER.24.7,Jeremiah 24:7
2016-05-04T16:46:06+00:00,1/JER.31.34,Jeremiah 31:34
2016-05-04T16:56:50+00:00,1/JER.32.39,Jeremiah 32:39
2016-05-04T17:01:59+00:00,1/JER.33.3,Jeremiah 33:3
2016-05-04T17:06:58+00:00,1/JER.33.16,Jeremiah 33:16
2016-05-10T16:30:24+00:00,1/JER.46.17,Jeremiah 46:17
2016-05-11T04:45:28+00:00,1/LAM.3.21,Lamentations 3:21
2016-05-11T04:55:03+00:00,1/LAM.3.31,Lamentations 3:31
2016-05-17T22:27:47+00:00,1/EZK.12.27,Ezekiel 12:27
2016-05-17T22:35:38+00:00,1/EZK.14.14,Ezekiel 14:14
2016-05-21T02:07:08+00:00,1/EZK.18.23,Ezekiel 18:23
2016-05-21T03:56:31+00:00,1/EZK.34.26,Ezekiel 34:26
2016-05-22T16:54:56.722529+00:00,1/DAN.1.13,Daniel 1:13
2016-05-22T17:22:11+00:00,1/DAN.5.10,Daniel 5:10
2016-05-22T17:29:24+00:00,1/DAN.6.10,Daniel 6:10
2016-05-22T18:00:33.917121+00:00,1/DAN.12.2,Daniel 12:2
2016-05-22T21:14:52+00:00,1/JOL.2.32,Joel 2:32
2016-05-22T23:01:12+00:00,1/AMO.3.6,Amos 3:6
2016-05-22T23:09:48+00:00,1/AMO.5.18,Amos 5:18
2016-05-22T23:16:52+00:00,1/AMO.8.11,Amos 8:11
2016-05-22T23:17:36+00:00,1/AMO.9.2,Amos 9:2
2016-05-22T23:19:41+00:00,1/AMO.9.7,Amos 9:7
2016-05-23T08:05:32+00:00,1/JON.2.2,Jonah 2:2
2016-05-23T08:09:36+00:00,1/JON.4.11,Jonah 4:11
2016-05-23T14:12:16+00:00,1/MIC.5.2,Micah 5:2
2016-05-23T14:17:28+00:00,1/MIC.6.4,Micah 6:4
2016-05-23T14:22:08+00:00,1/MIC.6.8,Micah 6:8
2016-05-23T14:23:26+00:00,1/MIC.7.7,Micah 7:7
2016-05-23T18:46:02+00:00,1/HAG.2.9,Haggai 2:9
2016-05-23T18:58:38+00:00,1/ZEC.4.6,Zechariah 4:6
2016-05-23T19:04:21+00:00,1/ZEC.7.9,Zechariah 7:9
2016-05-23T20:01:07+00:00,1/MAL.2.10,Malachi 2:10
2016-05-23T20:06:03+00:00,1/MAL.3.2,Malachi 3:2
2016-05-23T20:07:15+00:00,1/MAL.4.1,Malachi 4:1
2016-05-24T14:57:57+00:00,1/MRK.2.20,Mark 2:20
2016-05-24T15:04:25+00:00,1/MRK.3.29,Mark 3:29
2016-05-24T15:25:05+00:00,1/MRK.6.11,Mark 6:11
2016-05-24T15:56:45+00:00,1/MRK.7.15,Mark 7:15
2016-05-24T16:05:42+00:00,1/MRK.8.38,Mark 8:38
2016-05-25T14:08:04+00:00,1/MRK.13.13,Mark 13:13
2016-05-25T14:09:38+00:00,1/MRK.13.20,Mark 13:20
2016-05-25T15:05:21+00:00,1/MRK.16.16,Mark 16:16
2016-05-25T15:06:25+00:00,1/MRK.16.16,Mark 16:16
2016-05-25T17:52:33+00:00,1/LUK.1.20,Luke 1:20
2016-05-26T05:43:38+00:00,1/LUK.2.10,Luke 2:10
2016-05-26T05:55:40+00:00,1/LUK.2.25,Luke 2:25
2016-05-27T17:11:14+00:00,1/LUK.3.7,Luke 3:7
2016-05-27T17:14:04+00:00,1/LUK.4.1,Luke 4:1
2016-05-27T19:21:13+00:00,1/LUK.6.23,Luke 6:23
2016-05-27T19:30:02+00:00,1/LUK.8.12,Luke 8:12
2016-05-27T19:42:08+00:00,1/LUK.9.56,Luke 9:56
2016-05-27T20:17:30+00:00,1/LUK.12.46,Luke 12:46
2016-05-27T20:18:15+00:00,1/LUK.12.48,Luke 12:48
2016-05-27T20:21:59+00:00,1/LUK.13.21,Luke 13:21
2016-05-27T20:31:45+00:00,1/LUK.16.22,Luke 16:22
2016-05-27T20:32:06+00:00,1/LUK.16.23,Luke 16:23
2016-05-27T20:38:51+00:00,1/LUK.18.30,Luke 18:30
2016-05-27T20:41:20+00:00,1/LUK.19.9,Luke 19:9
2016-05-27T20:51:00+00:00,1/LUK.20.35,Luke 20:35
2016-05-27T21:01:19+00:00,1/LUK.22.18,Luke 22:18
2016-05-27T21:07:15+00:00,1/LUK.22.56,Luke 22:56
2016-05-27T21:12:30+00:00,1/LUK.23.42,Luke 23:42
2016-05-27T21:18:16+00:00,1/LUK.24.26,Luke 24:26
2016-05-31T06:07:36+00:00,1/ACT.1.16,Acts 1:16
2016-05-31T13:21:47+00:00,1/ACT.2.39,Acts 2:39
2016-05-31T13:23:27+00:00,1/ACT.2.47,Acts 2:47
2016-05-31T13:29:56+00:00,1/ACT.3.19,Acts 3:19
2016-05-31T13:30:48+00:00,1/ACT.3.23,Acts 3:23
2016-05-31T13:40:11+00:00,1/ACT.4.32,Acts 4:32
2016-05-31T13:49:47+00:00,1/ACT.5.32,Acts 5:32
2016-05-31T13:52:41+00:00,1/ACT.6.7,Acts 6:7
